command_name	command_description	type	parameters	parameter_type	returns	return_type
import gi	"used to load the PyGObject library, which provides Python bindings for the Gobject Introspection framework"	import	None			None
from gi.repository import Gtk	used to import the Gtk library	import	None			None
from gi.repository import Glib	"general-purpose, portable utility library, which provides many useful data type, macros, type conversions, string utilities, file utilities, a mainloop abstraction, and so on"	import	None			None
Gtk.ApplicationWindow()	Used to create a Gtk Application window	constructor	"application, title"	"Gtk.Application, str"		Gtk.ApplicationWindow
Glib.access()	"A wrapper for the POSIX access() function. This function is used to test a pathname for one or several of read, write or execute permissions, or just existence."	function	"filename, mode"	"str, int"	"zero if the pathname refers to an existing file system object that has all the tested permissions, or -1 otherwise or on error."	int
Glib.aligned_alloc()	"This function is similar to malloc(), allocating (n_blocks * n_block_bytes) bytes, but care is taken to align the allocated memory to with the given alignment value. Additionally, it will detect possible overflow during multiplication. If the allocation fails (because the system is out of memory), the program is terminated. Aligned memory allocations returned by this function can only be freed using aligned_free_sized() or aligned_free()."	function	"n_blocks, n_block_bytes, alignment"	"int, int ,int"	the allocated memory	Any | None
Glib.aligned_alloc0()	"This function is similar to aligned_alloc(), but it will also clear the allocated memory before returning it."	function	"n_blocsk, n_block_bytes, alignment"	"int, int, int"	"the allocated, cleared memory"	Any | None
Glib.aligned_free()	Frees the memory allocated by aligned_alloc().	function	mem	Any	None	None
Glib.aligned_free_sized()	"Frees the memory pointed to by mem, assuiming it is has the given size and alignment. If mem is None this is a no-op (ans size is ignored). It is an error if size doesn't match the size or alignment doesn't match the alignment, passed when mem was allocated. size and alignment are passed to this function to allow optimization in the allocator. If you don't know either of them, use aligned_free() instead."	function	"mem, alignment, size"	"Any, int, int"	None	None
Glib.ascii_digit_value()	"Determines the numeric value of a character as a decimal digit. If the character is not a decimal digit according to ascii_isdigit, -1 is returned. Differs from unichar_digit_value because it takes a char, so there's no worry about sign extension if characters are signed."	function	c	int	"the numerical value of c if it is a decimal digit, -1 otherwise"	int
Glib.ascii_dtostr()	Converts a gdouble to a string, using the ‘.’ as decimal point.	function	buffer, buf_len, d	str, int, float	the pointer to the buffer with the converted string	str
Glib.ascii_formatd()	Converts a gdouble to a string, using the ‘.’ as decimal point. To format the number you pass in a printf()-style format string. Allowed conversion specifiers are ‘e’, ‘E’, ‘f’, ‘F’, ‘g’ and ‘G’.	function	buffer, buf_len, format, d	str, int, str, float	the pointer to the buffer with the converted string	str
Glib.ascii_strcasecmp()	Compare two strings, ignoring the case of ASCII characters.	function	s1, s2	str, str	0 if the strings match, a negative value if s1 < s2, or a positive value if s1 > s2	int
Glib.ascii_strdown()	Converts all upper case ASCII letters to lower case ASCII letters, with semantics that exactly match ascii_tolower.	function	str, len	str, int	a newly-allocated string, with all the upper case characters in str converted to lower case. (Note that this is unlike the old strdown, which modified the string in place.)	str
Glib.ascii_string_to_signed()	A convenience function for converting a string to a signed number.	function	str, base, min, max	str, int, int, int	true if str was a number, false otherwise	tuple[bool, int]
Glib.ascii_string_to_unsigned()	A convenience function for converting a string to an unsigned number.	function	str, base, min, max	str, int, int, int	true if str was a number, false otherwise	tuple[bool, int]
Glib.ascii_strncasecmp()	Compare s1 and s2, ignoring the case of ASCII characters and any characters after the first n in each string. If either string is less than n bytes long, comparison will stop at the first nul byte encountered.	function	s1, s2, n	str, str, int	0 if the strings match, a negative value if s1 < s2, or a positive value if s1 > s2	int
Glib.ascii_strtod()	Converts a string to a floating point value.	function	nptr	str	the converted value	tuple[float, str]
Glib.ascii_strtoll()	Converts a string to a gint64 value.	function	nptr, base	str, int	the converted value, or zero on error	tuple[int, str]
Glib.ascii_strtoull()	Converts a string to a guint64 value.	function	nptr, base	str, int	the converted value, or zero on error	tuple[int, str]
Glib.ascii_strup()	Converts all lower case ASCII letters to upper case ASCII letters, with semantics that exactly match ascii_toupper.	function	str, len	str, int	a newly-allocated string, with all the lower case characters in str converted to upper case. (Note that this is unlike the old strup, which modified the string in place.)	str
Glib.ascii_tolower()	Convert a character to ASCII lower case. If the character is not an ASCII upper case letter, it is returned unchanged.	function	c	int	the result of the conversion	int
Glib.ascii_toupper()	Convert a character to ASCII upper case. If the character is not an ASCII lower case letter, it is returned unchanged.	function	c	int	the result of the conversion	int
Glib.ascii_xdigit_value()	Determines the numeric value of a character as a hexadecimal digit. If the character is not a hex digit according to ascii_isxdigit, -1 is returned.	function	c	int	the numerical value of c if it is a hex digit, -1 otherwise	int
Glib.assert_warning()	log_domain	function	log_domain, file, line, pretty_function, expression	str, str, int, str, str		None
Glib.assertion_message()	domain	function	domain, file, line, func, message	str, str, int, str, str		None
Glib.assertion_message_cmpint()	domain	function	domain, file, line, func, expr, arg1, cmp, arg2, numtype	str, str, int, str, str, int, str, int, int		None
Glib.assertion_message_cmpstr()	domain	function	domain, file, line, func, expr, arg1, cmp, arg2	str, str, int, str, str, str, str, str		None
Glib.assertion_message_cmpstrv()	domain	function	domain, file, line, func, expr, arg1, arg2, first_wrong_idx	str, str, int, str, str, str, str, int		None
Glib.assertion_message_error()	domain	function	domain, file, line, func, expr, error, error_domain, error_code	str, str, int, str, str, GError, int, int		None
Glib.async_queue_new()		function	None			AsyncQueue
Glib.async_queue_new_full()	item_free_func	function	item_free_func	Callable[[Any], None] | None		AsyncQueue
Glib.atexit()	Specifies a function to be called at normal program termination.	function	func	Callable[[], None]		None
Glib.atomic_int_add()	Atomically adds val to the value of atomic.	function	atomic, val	int, int	the value of atomic before the add, signed	int
Glib.atomic_int_and()	Performs an atomic bitwise ‘and’ of the value of atomic and val, storing the result back in atomic.	function	atomic, val	int, int	the value of atomic before the operation, unsigned	int
Glib.atomic_int_compare_and_exchange()	Compares atomic to oldval and, if equal, sets it to newval. If atomic was not equal to oldval then no change occurs.	function	atomic, oldval, newval	int, int, int	True if the exchange took place	bool
Glib.atomic_int_compare_and_exchange_full()	Compares atomic to oldval and, if equal, sets it to newval. If atomic was not equal to oldval then no change occurs. In any case the value of atomic before this operation is stored in preval.	function	atomic, oldval, newval	int, int, int	True if the exchange took place	tuple[bool, int]
Glib.atomic_int_dec_and_test()	Decrements the value of atomic by 1.	function	atomic	int	True if the resultant value is zero	bool
Glib.atomic_int_exchange()	Sets the atomic to newval and returns the old value from atomic.	function	atomic, newval	int, int	the value of atomic before the exchange, signed	int
Glib.atomic_int_exchange_and_add()	This function existed before atomic_int_add() returned the prior value of the integer (which it now does). It is retained only for compatibility reasons. Don’t use this function in new code.	function	atomic, val	int, int	the value of atomic before the add, signed	int
Glib.atomic_int_get()	Gets the current value of atomic.	function	atomic	int	the value of the integer	int
Glib.atomic_int_inc()	Increments the value of atomic by 1.	function	atomic	int		None
Glib.atomic_int_or()	Performs an atomic bitwise ‘or’ of the value of atomic and val, storing the result back in atomic.	function	atomic, val	int, int	the value of atomic before the operation, unsigned	int
Glib.atomic_int_set()	Sets the value of atomic to newval.	function	atomic, newval	int, int		None
Glib.atomic_int_xor()	Performs an atomic bitwise ‘xor’ of the value of atomic and val, storing the result back in atomic.	function	atomic, val	int, int	the value of atomic before the operation, unsigned	int
Glib.atomic_pointer_add()	Atomically adds val to the value of atomic.	function	atomic, val	Any, int	the value of atomic before the add, signed	int
Glib.atomic_pointer_and()	Performs an atomic bitwise ‘and’ of the value of atomic and val, storing the result back in atomic.	function	atomic, val	Any, int	the value of atomic before the operation, unsigned	int
Glib.atomic_pointer_compare_and_exchange()	Compares atomic to oldval and, if equal, sets it to newval. If atomic was not equal to oldval then no change occurs.	function	atomic, oldval, newval	Any, Any, Any	True if the exchange took place	bool
Glib.atomic_pointer_compare_and_exchange_full()	Compares atomic to oldval and, if equal, sets it to newval. If atomic was not equal to oldval then no change occurs. In any case the value of atomic before this operation is stored in preval.	function	atomic, oldval, newval	Any, Any, Any	True if the exchange took place	tuple[bool, Any]
Glib.atomic_pointer_exchange()	Sets the atomic to newval and returns the old value from atomic.	function	atomic, newval	Any, Any	the value of atomic before the exchange	Any | None
Glib.atomic_pointer_get()	Gets the current value of atomic.	function	atomic	Any	the value of the pointer	Any | None
Glib.atomic_pointer_or()	Performs an atomic bitwise ‘or’ of the value of atomic and val, storing the result back in atomic.	function	atomic, val	Any, int	the value of atomic before the operation, unsigned	int
Glib.atomic_pointer_set()	Sets the value of atomic to newval.	function	atomic, newval	Any, Any		None
Glib.atomic_pointer_xor()	Performs an atomic bitwise ‘xor’ of the value of atomic and val, storing the result back in atomic.	function	atomic, val	Any, int	the value of atomic before the operation, unsigned	int
Glib.atomic_rc_box_acquire()	Atomically acquires a reference on the data pointed by mem_block.	function	mem_block	Any	a pointer to the data, with its reference count increased	Any
Glib.atomic_rc_box_alloc()	Allocates block_size bytes of memory, and adds atomic reference counting semantics to it.	function	block_size	int	a pointer to the allocated memory	Any
Glib.atomic_rc_box_alloc0()	Allocates block_size bytes of memory, and adds atomic reference counting semantics to it.	function	block_size	int	a pointer to the allocated memory	Any
Glib.atomic_rc_box_dup()	Allocates a new block of data with atomic reference counting semantics, and copies block_size bytes of mem_block into it.	function	block_size, mem_block	int, Any	a pointer to the allocated memory	Any
Glib.atomic_rc_box_get_size()	Retrieves the size of the reference counted data pointed by mem_block.	function	mem_block	Any	the size of the data, in bytes	int
Glib.atomic_rc_box_release()	Atomically releases a reference on the data pointed by mem_block.	function	mem_block	Any		None
Glib.atomic_rc_box_release_full()	Atomically releases a reference on the data pointed by mem_block.	function	mem_block, clear_func	Any, Callable[[Any], None]		None
Glib.base64_decode()	Decode a sequence of Base-64 encoded text into binary data. Note that the returned binary data is not necessarily zero-terminated, so it should not be used as a character string.	function	text	str	newly allocated buffer containing the binary data that text represents. The returned buffer must be freed with free().	list[int]
Glib.base64_decode_inplace()	Decode a sequence of Base-64 encoded text into binary data by overwriting the input data.	function	text	list[int]	The binary data that text responds. This pointer is the same as the input text.	tuple[int, list[int]]
Glib.base64_encode()	Encode a sequence of binary data into its Base-64 stringified representation.	function	data	list[int] | None	a newly allocated, zero-terminated Base-64 encoded string representing data. The returned string must be freed with free().	str
Glib.base64_encode_close()	Flush the status from a sequence of calls to base64_encode_step().	function	break_lines, state, save	bool, int, int	The number of bytes of output that was written	tuple[int, list[int], int, int]
Glib.base64_encode_step()	Incrementally encode a sequence of binary data into its Base-64 stringified representation. By calling this function multiple times you can convert data in chunks to avoid having to have the full encoded data in memory.	function	in_, break_lines, state, save	list[int], bool, int, int	The number of bytes of output that was written	tuple[int, list[int], int, int]
Glib.basename()	Gets the name of the file without any leading directory components. It returns a pointer into the given file name string.	function	file_name	str	the name of the file without any leading directory components	str
Glib.bit_lock()	Sets the indicated lock_bit in address. If the bit is already set, this call will block until bit_unlock() unsets the corresponding bit.	function	address, lock_bit	int, int		None
Glib.bit_nth_lsf()	Find the position of the first bit set in mask, searching from (but not including) nth_bit upwards. Bits are numbered from 0 (least significant) to sizeof(gulong) * 8 - 1 (31 or 63, usually). To start searching from the 0th bit, set nth_bit to -1.	function	mask, nth_bit	int, int	the index of the first bit set which is higher than nth_bit, or -1 if no higher bits are set	int
Glib.bit_nth_msf()	Find the position of the first bit set in mask, searching from (but not including) nth_bit downwards. Bits are numbered from 0 (least significant) to sizeof(gulong) * 8 - 1 (31 or 63, usually). To start searching from the last bit, set nth_bit to -1 or GLIB_SIZEOF_LONG * 8.	function	mask, nth_bit	int, int	the index of the first bit set which is lower than nth_bit, or -1 if no lower bits are set	int
Glib.bit_storage()	Gets the number of bits used to hold number, e.g. if number is 4, 3 bits are needed.	function	number	int	the number of bits used to hold number	int
Glib.bit_trylock()	Sets the indicated lock_bit in address, returning True if successful. If the bit is already set, returns False immediately.	function	address, lock_bit	int, int	True if the lock was acquired	bool
Glib.bit_unlock()	Clears the indicated lock_bit in address. If another thread is currently blocked in bit_lock() on this same bit then it will be woken up.	function	address, lock_bit	int, int		None
Glib.blow_chunks()		function	None			None
Glib.bookmark_file_error_quark()		function	None			int
Glib.build_filenamev()	Creates a filename from a vector of elements using the correct separator for the current platform.	function	args	list[str]	the newly allocated path	str
Glib.build_pathv()	Behaves exactly like build_path(), but takes the path elements as a string array, instead of variadic arguments.	function	separator, args	str, list[str]	a newly-allocated string that must be freed with free().	str
Glib.byte_array_append()	array	function	array, data, len	list[int], int, int		list[int]
Glib.byte_array_free()	array	function	array, free_segment	list[int], bool		int
Glib.byte_array_free_to_bytes()	array	function	array	list[int]		Bytes
Glib.byte_array_new()		function	None			list[int]
Glib.byte_array_new_take()	data	function	data	list[int]		list[int]
Glib.byte_array_prepend()	array	function	array, data, len	list[int], int, int		list[int]
Glib.byte_array_remove_index()	array	function	array, index_	list[int], int		list[int]
Glib.byte_array_remove_index_fast()	array	function	array, index_	list[int], int		list[int]
Glib.byte_array_remove_range()	array	function	array, index_, length	list[int], int, int		list[int]
Glib.byte_array_set_size()	array	function	array, length	list[int], int		list[int]
Glib.byte_array_sized_new()	reserved_size	function	reserved_size	int		list[int]
Glib.byte_array_sort()	array	function	array, compare_func	list[int], Callable[[Any, Any], int]		None
Glib.byte_array_sort_with_data()	array	function	array, compare_func, user_data	list[int], Callable[[Any, Any, Any], int], Any		None
Glib.canonicalize_filename()	Gets the canonical file name from filename. All triple slashes are turned into single slashes, and all .. and .s resolved against relative_to.	function	filename, relative_to	str, str | None	a newly allocated string with the canonical file path	str
Glib.chdir()	A wrapper for the POSIX chdir() function. The function changes the current directory of the process to path.	function	path	str	0 on success, -1 if an error occurred.	int
Glib.check_version()	Checks that the GLib library in use is compatible with the given version.	function	required_major, required_minor, required_micro	int, int, int	None if the GLib library is compatible with the given version, or a string describing the version mismatch. The returned string is owned by GLib and must not be modified or freed.	str | None
Glib.checksum_type_get_length()	checksum_type	function	checksum_type	ChecksumType		int
Glib.child_watch_add()	Sets a function to be called when the child indicated by pid exits, at a default priority, PRIORITY_DEFAULT.	function	*args, **kwargs	Any, Any	the ID (greater than 0) of the event source.	
Glib.child_watch_source_new()	Creates a new child_watch source.	function	pid	int	the newly-created child watch source	Source
Glib.chmod()	A wrapper for the POSIX chmod() function. The chmod() function is used to set the permissions of a file system object.	function	filename, mode	str, int	0 if the operation succeeded, -1 on error	int
Glib.clear_error()	If err or err is None, does nothing. Otherwise, calls free() on err and sets err to None.	function	None			None
Glib.close()	This wraps the close() call. In case of error, %errno will be preserved, but the error will also be stored as a Error in error. In case of success, %errno is undefined.	function	fd	int	True on success, False if there was an error.	bool
Glib.closefrom()	Close every file descriptor equal to or greater than lowfd.	function	lowfd	int	0 on success, -1 with errno set on error	int
Glib.compute_checksum_for_bytes()	Computes the checksum for a binary data. This is a convenience wrapper for new(), get_string() and free().	function	checksum_type, data	ChecksumType, Bytes	the digest of the binary data as a string in hexadecimal, or None if new() fails for checksum_type. The returned string should be freed with free() when done using it.	str | None
Glib.compute_checksum_for_data()	Computes the checksum for a binary data of length. This is a convenience wrapper for new(), get_string() and free().	function	checksum_type, data	ChecksumType, list[int]	the digest of the binary data as a string in hexadecimal, or None if new() fails for checksum_type. The returned string should be freed with free() when done using it.	str | None
Glib.compute_checksum_for_string()	Computes the checksum of a string.	function	checksum_type, str, length	ChecksumType, str, int	the checksum as a hexadecimal string, or None if new() fails for checksum_type. The returned string should be freed with free() when done using it.	str | None
Glib.compute_hmac_for_bytes()	Computes the HMAC for a binary data. This is a convenience wrapper for new(), get_string() and unref().	function	digest_type, key, data	ChecksumType, Bytes, Bytes	the HMAC of the binary data as a string in hexadecimal. The returned string should be freed with free() when done using it.	str
Glib.compute_hmac_for_data()	Computes the HMAC for a binary data of length. This is a convenience wrapper for new(), get_string() and unref().	function	digest_type, key, data	ChecksumType, list[int], list[int]	the HMAC of the binary data as a string in hexadecimal. The returned string should be freed with free() when done using it.	str
Glib.compute_hmac_for_string()	Computes the HMAC for a string.	function	digest_type, key, str, length	ChecksumType, list[int], str, int	the HMAC as a hexadecimal string. The returned string should be freed with free() when done using it.	str
Glib.convert()	Converts a string from one character set to another.	function	str, to_codeset, from_codeset	list[int], str, str	If the conversion was successful, a newly allocated buffer containing the converted string, which must be freed with free(). Otherwise None and error will be set.	tuple[list[int], int]
Glib.convert_error_quark()		function	None			int
Glib.convert_with_fallback()	Converts a string from one character set to another, possibly including fallback sequences for characters not representable in the output. Note that it is not guaranteed that the specification for the fallback sequences in fallback will be honored. Some systems may do an approximate conversion from from_codeset to to_codeset in their iconv() functions, in which case GLib will simply return that approximate conversion.	function	str, to_codeset, from_codeset, fallback	list[int], str, str, str	If the conversion was successful, a newly allocated buffer containing the converted string, which must be freed with free(). Otherwise None and error will be set.	tuple[list[int], int]
Glib.creat()	A wrapper for the POSIX creat() function. The creat() function is used to convert a pathname into a file descriptor, creating a file if necessary.	function	filename, mode	str, int	a new file descriptor, or -1 if an error occurred. The return value can be used exactly like the return value from creat().	int
Glib.datalist_foreach()	Calls the given function for each data element of the datalist. The function is called with each data element’s Quark id and data, together with the given user_data parameter. Note that this function is NOT thread-safe. So unless datalist can be protected from any modifications during invocation of this function, it should not be called.	function	datalist, func, user_data	Data, Callable[[int, Any, Any], None], Any		None
Glib.datalist_get_data()	Gets a data element, using its string identifier. This is slower than datalist_id_get_data() because it compares strings.	function	datalist, key	Data, str	the data element, or None if it is not found.	Any | None
Glib.datalist_get_flags()	Gets flags values packed in together with the datalist. See datalist_set_flags().	function	datalist	Data	the flags of the datalist	int
Glib.datalist_id_get_data()	Retrieves the data element corresponding to key_id.	function	datalist, key_id	Data, int	the data element, or None if it is not found.	Any | None
Glib.datalist_id_remove_multiple()	Removes multiple keys from a datalist.	function	datalist, keys	Data, list[int]		None
Glib.datalist_set_flags()	Turns on flag values for a data list. This function is used to keep a small number of boolean flags in an object with a data list without using any additional space. It is not generally useful except in circumstances where space is very tight. (It is used in the base GObject type, for example.)	function	datalist, flags	Data, int		None
Glib.datalist_unset_flags()	Turns off flag values for a data list. See datalist_unset_flags()	function	datalist, flags	Data, int		None
Glib.dataset_destroy()	Destroys the dataset, freeing all memory allocated, and calling any destroy functions set for data elements.	function	dataset_location	Any		None
Glib.dataset_foreach()	Calls the given function for each data element which is associated with the given location. Note that this function is NOT thread-safe. So unless dataset_location can be protected from any modifications during invocation of this function, it should not be called.	function	dataset_location, func, user_data	Any, Callable[[int, Any, Any], None], Any		None
Glib.dataset_id_get_data()	Gets the data element corresponding to a Quark.	function	dataset_location, key_id	Any, int	the data element corresponding to the Quark, or None if it is not found.	Any | None
Glib.date_get_days_in_month()	month	function	month, year	DateMonth, int		int
Glib.date_get_monday_weeks_in_year()	year	function	year	int		int
Glib.date_get_sunday_weeks_in_year()	year	function	year	int		int
Glib.date_is_leap_year()	year	function	year	int		bool
Glib.date_strftime()	s	function	s, slen, format, date	str, int, str, Date		int
Glib.date_valid_day()	day	function	day	int		bool
Glib.date_valid_dmy()	day	function	day, month, year	int, DateMonth, int		bool
Glib.date_valid_julian()	julian_date	function	julian_date	int		bool
Glib.date_valid_month()	month	function	month	DateMonth		bool
Glib.date_valid_weekday()	weekday	function	weekday	DateWeekday		bool
Glib.date_valid_year()	year	function	year	int		bool
Glib.dcgettext()	This is a variant of dgettext() that allows specifying a locale category instead of always using LC_MESSAGES. See dgettext() for more information about how this functions differs from calling dcgettext() directly.	function	domain, msgid, category	str | None, str, int	the translated string for the given locale category	str
Glib.dgettext()	This function is a wrapper of dgettext() which does not translate the message if the default domain as set with textdomain() has no translations for the current locale.	function	domain, msgid	str | None, str	The translated string	str
Glib.dir_make_tmp()	tmpl	function	tmpl	str | None		str
Glib.direct_equal()	Compares two gpointer arguments and returns True if they are equal. It can be passed to new() as the key_equal_func parameter, when using opaque pointers compared by pointer value as keys in a HashTable.	function	v1, v2	Any, Any	True if the two keys match.	bool
Glib.direct_hash()	Converts a gpointer to a hash value. It can be passed to new() as the hash_func parameter, when using opaque pointers compared by pointer value as keys in a HashTable.	function	v	Any	a hash value corresponding to the key.	int
Glib.dngettext()	This function is a wrapper of dngettext() which does not translate the message if the default domain as set with textdomain() has no translations for the current locale.	function	domain, msgid, msgid_plural, n	str | None, str, str, int	The translated string	str
Glib.double_equal()	Compares the two float values being pointed to and returns True if they are equal. It can be passed to new() as the key_equal_func parameter, when using non-None pointers to doubles as keys in a HashTable.	function	v1, v2	Any, Any	True if the two keys match.	bool
Glib.double_hash()	Converts a pointer to a float to a hash value. It can be passed to new() as the hash_func parameter, It can be passed to new() as the hash_func parameter, when using non-None pointers to doubles as keys in a HashTable.	function	v	Any	a hash value corresponding to the key.	int
Glib.dpgettext()	This function is a variant of dgettext() which supports a disambiguating message context. GNU gettext uses the ‘004’ character to separate the message context and message id in msgctxtid. If 0 is passed as msgidoffset, this function will fall back to trying to use the deprecated convention of using “|” as a separation character.	function	domain, msgctxtid, msgidoffset	str | None, str, int	The translated string	str
Glib.dpgettext2()	This function is a variant of dgettext() which supports a disambiguating message context. GNU gettext uses the ‘004’ character to separate the message context and message id in msgctxtid.	function	domain, context, msgid	str | None, str, str	The translated string	str
Glib.environ_getenv()	Returns the value of the environment variable variable in the provided list envp.	function	envp, variable	list[str] | None, str	the value of the environment variable, or None if the environment variable is not set in envp. The returned string is owned by envp, and will be freed if variable is set or unset again.	str | None
Glib.environ_setenv()	Sets the environment variable variable in the provided list envp to value.	function	envp, variable, value, overwrite	list[str] | None, str, str, bool	the updated environment list. Free it using strfreev().	list[str]
Glib.environ_unsetenv()	Removes the environment variable variable from the provided environment envp.	function	envp, variable	list[str] | None, str	the updated environment list. Free it using strfreev().	list[str]
Glib.error_domain_register()	error_type_name	function	error_type_name, error_type_private_size, error_type_init, error_type_copy, error_type_clear	str, int, Callable[[GError], None], Callable[[GError, GError], None], Callable[[GError], None]		int
Glib.error_domain_register_static()	error_type_name	function	error_type_name, error_type_private_size, error_type_init, error_type_copy, error_type_clear	str, int, Callable[[GError], None], Callable[[GError, GError], None], Callable[[GError], None]		int
Glib.fdwalk_set_cloexec()	Mark every file descriptor equal to or greater than lowfd to be closed at the next execve() or similar, as if via the FD_CLOEXEC flag.	function	lowfd	int	0 on success, -1 with errno set on error	int
Glib.file_error_from_errno()	Gets a FileError constant based on the passed-in err_no.	function	err_no	int	FileError corresponding to the given err_no	FileError
Glib.file_error_quark()		function	None			int
Glib.file_get_contents()	Reads an entire file into allocated memory, with good error checking.	function	filename	str	True on success, False if an error occurred	tuple[bool, list[int]]
Glib.file_open_tmp()	Opens a file for writing in the preferred directory for temporary files (as returned by get_tmp_dir()).	function	tmpl	str | None	A file handle (as from open()) to the file opened for reading and writing. The file is opened in binary mode on platforms where there is a difference. The file handle should be closed with close(). In case of errors, -1 is returned and error will be set.	tuple[int, str]
Glib.file_read_link()	Reads the contents of the symbolic link filename like the POSIX readlink() function.	function	filename	str	A newly-allocated string with the contents of the symbolic link, or None if an error occurred.	str
Glib.file_set_contents()	Writes all of contents to a file named filename. This is a convenience wrapper around calling file_set_contents_full() with flags set to G_FILE_SET_CONTENTS_CONSISTENT | G_FILE_SET_CONTENTS_ONLY_EXISTING and mode set to 0666.	function	filename, contents	str, list[int]	True on success, False if an error occurred	bool
Glib.file_set_contents_full()	Writes all of contents to a file named filename, with good error checking. If a file called filename already exists it will be overwritten.	function	filename, contents, flags, mode	str, list[int], FileSetContentsFlags, int	True on success, False if an error occurred	bool
Glib.file_test()	Returns True if any of the tests in the bitfield test are True. For example, (G_FILE_TEST_EXISTS | G_FILE_TEST_IS_DIR) will return True if the file exists; the check whether it’s a directory doesn’t matter since the existence test is True. With the current set of available tests, there’s no point passing in more than one test at a time.	function	filename, test	str, FileTest	whether a test was True	bool
Glib.filename_display_basename()	Returns the display basename for the particular filename, guaranteed to be valid UTF-8. The display name might not be identical to the filename, for instance there might be problems converting it to UTF-8, and some files can be translated in the display.	function	filename	str	a newly allocated string containing a rendition of the basename of the filename in valid UTF-8	str
Glib.filename_display_name()	Converts a filename into a valid UTF-8 string. The conversion is not necessarily reversible, so you should keep the original around and use the return value of this function only for display purposes. Unlike filename_to_utf8(), the result is guaranteed to be non-None even if the filename actually isn’t in the GLib file name encoding.	function	filename	str	a newly allocated string containing a rendition of the filename in valid UTF-8	str
Glib.filename_from_uri()	Converts an escaped ASCII-encoded URI to a local filename in the encoding used for filenames.	function	uri	str	a newly-allocated string holding the resulting filename, or None on an error.	tuple[str, str | None]
Glib.filename_from_utf8()	Converts a string from UTF-8 to the encoding GLib uses for filenames. Note that on Windows GLib uses UTF-8 for filenames; on other platforms, this function indirectly depends on the [current locale][setlocale].	function	utf8string, len	Any, Any	The converted string, or None on an error.	
Glib.filename_to_uri()	Converts an absolute filename to an escaped ASCII-encoded URI, with the path component following Section 3.3. of RFC 2396.	function	filename, hostname	str, str | None	a newly-allocated string holding the resulting URI, or None on an error.	str
Glib.filename_to_utf8()	Converts a string which is in the encoding used by GLib for filenames into a UTF-8 string. Note that on Windows GLib uses UTF-8 for filenames; on other platforms, this function indirectly depends on the [current locale][setlocale].	function	opsysstring, len	str, int	The converted string, or None on an error.	tuple[str, int, int]
Glib.find_program_in_path()	Locates the first executable named program in the user’s path, in the same way that execvp() would locate it. Returns an allocated string with the absolute path name, or None if the program is not found in the path. If program is already an absolute path, returns a copy of program if program exists and is executable, and None otherwise.	function	program	str	a newly-allocated string with the absolute path, or None	str | None
Glib.fopen()	A wrapper for the stdio fopen() function. The fopen() function opens a file and associates a new stream with it.	function	filename, mode	str, str	A FILE* if the file was successfully opened, or None if an error occurred	Any | None
Glib.format_size()	Formats a size (for example the size of a file) into a human readable string. Sizes are rounded to the nearest size prefix (kB, MB, GB) and are displayed rounded to the nearest tenth. E.g. the file size 3292528 bytes will be converted into the string “3.2 MB”. The returned string is UTF-8, and may use a non-breaking space to separate the number and units, to ensure they aren’t separated when line wrapped.	function	size	int	a newly-allocated formatted string containing a human readable file size	str
Glib.format_size_for_display()	Formats a size (for example the size of a file) into a human readable string. Sizes are rounded to the nearest size prefix (KB, MB, GB) and are displayed rounded to the nearest tenth. E.g. the file size 3292528 bytes will be converted into the string “3.1 MB”.	function	size	int	a newly-allocated formatted string containing a human readable file size	str
Glib.format_size_full()	Formats a size.	function	size, flags	int, FormatSizeFlags	a newly-allocated formatted string containing a human readable file size	str
Glib.free()	Frees the memory pointed to by mem.	function	mem	Any		None
Glib.free_sized()	Frees the memory pointed to by mem, assuming it is has the given size.	function	mem, size	Any, int		None
Glib.freopen()	A wrapper for the POSIX freopen() function. The freopen() function opens a file and associates it with an existing stream.	function	filename, mode, stream	str, str, Any	A FILE* if the file was successfully opened, or None if an error occurred.	Any | None
Glib.fsync()	A wrapper for the POSIX fsync() function. On Windows, _commit() will be used. On macOS, fcntl(F_FULLFSYNC) will be used. The fsync() function is used to synchronize a file’s in-core state with that of the disk.	function	fd	int	0 on success, or -1 if an error occurred. The return value can be used exactly like the return value from fsync().	int
Glib.get_application_name()	Gets a human-readable name for the application, as set by set_application_name(). This name should be localized if possible, and is intended for display to the user. Contrast with get_prgname(), which gets a non-localized name. If set_application_name() has not been called, returns the result of get_prgname() (which may be None if set_prgname() has also not been called).	function	None		human-readable application name. May return None	str | None
Glib.get_charset()	Obtains the character set for the [current locale][setlocale]; you might use this character set as an argument to convert(), to convert from the current locale’s encoding to some other encoding. (Frequently locale_to_utf8() and locale_from_utf8() are nice shortcuts, though.)	function	None		True if the returned charset is UTF-8	tuple[bool, str]
Glib.get_codeset()	Gets the character set for the current locale.	function	None		a newly allocated string containing the name of the character set. This string must be freed with free().	str
Glib.get_console_charset()	Obtains the character set used by the console attached to the process, which is suitable for printing output to the terminal.	function	None		True if the returned charset is UTF-8	tuple[bool, str]
Glib.get_current_dir()	Gets the current directory.	function	None		the current directory	str
Glib.get_current_time()	Equivalent to the UNIX gettimeofday() function, but portable.	function	None			
Glib.get_environ()	Gets the list of environment variables for the current process.	function	None		the list of environment variables	list[str]
Glib.get_filename_charsets()	Determines the preferred character sets used for filenames. The first character set from the charsets is the filename encoding, the subsequent character sets are used when trying to generate a displayable representation of a filename, see filename_display_name().	function	None		True if the filename encoding is UTF-8.	tuple[bool, list[str]]
Glib.get_home_dir()	Gets the current user’s home directory.	function	None		the current user’s home directory	str
Glib.get_host_name()	Return a name for the machine.	function	None		the host name of the machine.	str
Glib.get_language_names()	Computes a list of applicable locale names, which can be used to e.g. construct locale-dependent filenames or search paths. The returned list is sorted from most desirable to least desirable and always contains the default locale “C”.	function	None		a None-terminated array of strings owned by GLib that must not be modified or freed.	list[str]
Glib.get_language_names_with_category()	Computes a list of applicable locale names with a locale category name, which can be used to construct the fallback locale-dependent filenames or search paths. The returned list is sorted from most desirable to least desirable and always contains the default locale “C”.	function	category_name	str	a None-terminated array of strings owned by the thread g_get_language_names_with_category was called from. It must not be modified or freed. It must be copied if planned to be used in another thread.	list[str]
Glib.get_locale_variants()	Returns a list of derived variants of locale, which can be used to e.g. construct locale-dependent filenames or search paths. The returned list is sorted from most desirable to least desirable. This function handles territory, charset and extra locale modifiers. See `setlocale(3) <man:setlocale>`__ for information about locales and their format.	function	locale	str	a newly allocated array of newly allocated strings with the locale variants. Free with strfreev().	list[str]
Glib.get_monotonic_time()	Queries the system monotonic time.	function	None		the monotonic time, in microseconds	int
Glib.get_num_processors()	Determine the approximate number of threads that the system will schedule simultaneously for this process. This is intended to be used as a parameter to new() for CPU bound tasks and similar cases.	function	None		Number of schedulable threads, always greater than 0	int
Glib.get_os_info()	Get information about the operating system.	function	key_name	str	The associated value for the requested key or None if this information is not provided.	str | None
Glib.get_prgname()	Gets the name of the program. This name should not be localized, in contrast to get_application_name().	function	None		the name of the program, or None if it has not been set yet. The returned string belongs to GLib and must not be modified or freed.	str | None
Glib.get_real_name()	Gets the real name of the user. This usually comes from the user’s entry in the passwd file. The encoding of the returned string is system-defined. (On Windows, it is, however, always UTF-8.) If the real user name cannot be determined, the string “Unknown” is returned.	function	None		the user’s real name.	str
Glib.get_real_time()	Queries the system wall-clock time.	function	None		the number of microseconds since January 1, 1970 UTC.	int
Glib.get_system_config_dirs()	Returns an ordered list of base directories in which to access system-wide configuration information.	function	None		a None-terminated array of strings owned by GLib that must not be modified or freed.	list[str]
Glib.get_system_data_dirs()	Returns an ordered list of base directories in which to access system-wide application data.	function	None		a None-terminated array of strings owned by GLib that must not be modified or freed.	list[str]
Glib.get_tmp_dir()	Gets the directory to use for temporary files.	function	None		the directory to use for temporary files.	str
Glib.get_user_cache_dir()	Returns a base directory in which to store non-essential, cached data specific to particular user.	function	None		a string owned by GLib that must not be modified or freed.	str
Glib.get_user_config_dir()	Returns a base directory in which to store user-specific application configuration information such as user preferences and settings.	function	None		a string owned by GLib that must not be modified or freed.	str
Glib.get_user_data_dir()	Returns a base directory in which to access application data such as icons that is customized for a particular user.	function	None		a string owned by GLib that must not be modified or freed.	str
Glib.get_user_name()	Gets the user name of the current user. The encoding of the returned string is system-defined. On UNIX, it might be the preferred file name encoding, or something else, and there is no guarantee that it is even consistent on a machine. On Windows, it is always UTF-8.	function	None		the user name of the current user.	str
Glib.get_user_runtime_dir()	Returns a directory that is unique to the current user on the local system.	function	None		a string owned by GLib that must not be modified or freed.	str
Glib.get_user_special_dir()	Returns the full path of a special directory using its logical id.	function	directory	UserDirectory	the path to the specified special directory, or None if the logical id was not found. The returned string is owned by GLib and should not be modified or freed.	str | None
Glib.get_user_state_dir()	Returns a base directory in which to store state files specific to particular user.	function	None		a string owned by GLib that must not be modified or freed.	str
Glib.getenv()	Returns the value of an environment variable.	function	variable	str	the value of the environment variable, or None if the environment variable is not found. The returned string may be overwritten by the next call to getenv(), setenv() or unsetenv().	str | None
Glib.hash_table_add()	hash_table	function	hash_table, key	dict[Any, Any], Any		bool
Glib.hash_table_contains()	hash_table	function	hash_table, key	dict[Any, Any], Any		bool
Glib.hash_table_destroy()	hash_table	function	hash_table	dict[Any, Any]		None
Glib.hash_table_find()	hash_table	function	hash_table, predicate, user_data	dict[Any, Any], Callable[[Any, Any, Any], bool], Any		Any | None
Glib.hash_table_foreach()	hash_table	function	hash_table, func, user_data	dict[Any, Any], Callable[[Any, Any, Any], None], Any		None
Glib.hash_table_foreach_remove()	hash_table	function	hash_table, func, user_data	dict[Any, Any], Callable[[Any, Any, Any], bool], Any		int
Glib.hash_table_insert()	hash_table	function	hash_table, key, value	dict[Any, Any], Any, Any		bool
Glib.hash_table_lookup()	hash_table	function	hash_table, key	dict[Any, Any], Any		Any | None
Glib.hash_table_lookup_extended()	hash_table	function	hash_table, lookup_key	dict[Any, Any], Any		tuple[bool, Any | None, Any | None]
Glib.hash_table_new_similar()	other_hash_table	function	other_hash_table	dict[Any, Any]		dict[Any, Any]
Glib.hash_table_remove()	hash_table	function	hash_table, key	dict[Any, Any], Any		bool
Glib.hash_table_remove_all()	hash_table	function	hash_table	dict[Any, Any]		None
Glib.hash_table_replace()	hash_table	function	hash_table, key, value	dict[Any, Any], Any, Any		bool
Glib.hash_table_size()	hash_table	function	hash_table	dict[Any, Any]		int
Glib.hook_destroy()	hook_list	function	hook_list, hook_id	HookList, int		bool
Glib.hook_destroy_link()	hook_list	function	hook_list, hook	HookList, Hook		None
Glib.hook_free()	hook_list	function	hook_list, hook	HookList, Hook		None
Glib.hook_insert_before()	hook_list	function	hook_list, sibling, hook	HookList, Hook | None, Hook		None
Glib.hook_insert_sorted()	hook_list	function	hook_list, hook, func	HookList, Hook, Callable[[Hook, Hook], int]		None
Glib.hook_prepend()	hook_list	function	hook_list, hook	HookList, Hook		None
Glib.hostname_is_ascii_encoded()	Tests if hostname contains segments with an ASCII-compatible encoding of an Internationalized Domain Name. If this returns True, you should decode the hostname with hostname_to_unicode() before displaying it to the user.	function	hostname	str	True if hostname contains any ASCII-encoded segments.	bool
Glib.hostname_is_ip_address()	Tests if hostname is the string form of an IPv4 or IPv6 address. (Eg, “192.168.0.1”.)	function	hostname	str	True if hostname is an IP address	bool
Glib.hostname_is_non_ascii()	Tests if hostname contains Unicode characters. If this returns True, you need to encode the hostname with hostname_to_ascii() before using it in non-IDN-aware contexts.	function	hostname	str	True if hostname contains any non-ASCII characters	bool
Glib.hostname_to_ascii()	Converts hostname to its canonical ASCII form; an ASCII-only string containing no uppercase letters and not ending with a trailing dot.	function	hostname	str	an ASCII hostname, which must be freed, or None if hostname is in some way invalid.	str | None
Glib.hostname_to_unicode()	Converts hostname to its canonical presentation form; a UTF-8 string in Unicode normalization form C, containing no uppercase letters, no forbidden characters, and no ASCII-encoded segments, and not ending with a trailing dot.	function	hostname	str	a UTF-8 hostname, which must be freed, or None if hostname is in some way invalid.	str | None
Glib.idle_add()	Adds a function to be called whenever there are no higher priority events pending to the default main loop. The function is given the default idle priority, PRIORITY_DEFAULT_IDLE. If the function returns False it is automatically removed from the list of event sources and will not be called again.	function	function, *user_data, priority	Any, Any, Any	the ID (greater than 0) of the event source.	
Glib.idle_remove_by_data()	Removes the idle function with the given data.	function	data	Any	True if an idle source was found and removed.	bool
Glib.idle_source_new()	Creates a new idle source.	function	None		the newly-created idle source	Source
Glib.int64_equal()	Compares the two int values being pointed to and returns True if they are equal. It can be passed to new() as the key_equal_func parameter, when using non-None pointers to 64-bit integers as keys in a HashTable.	function	v1, v2	Any, Any	True if the two keys match.	bool
Glib.int64_hash()	Converts a pointer to a int to a hash value.	function	v	Any	a hash value corresponding to the key.	int
Glib.int_equal()	Compares the two int values being pointed to and returns True if they are equal. It can be passed to new() as the key_equal_func parameter, when using non-None pointers to integers as keys in a HashTable.	function	v1, v2	Any, Any	True if the two keys match.	bool
Glib.int_hash()	Converts a pointer to a int to a hash value. It can be passed to new() as the hash_func parameter, when using non-None pointers to integer values as keys in a HashTable.	function	v	Any	a hash value corresponding to the key.	int
Glib.intern_static_string()	Returns a canonical representation for string. Interned strings can be compared for equality by comparing the pointers, instead of using strcmp(). intern_static_string() does not copy the string, therefore string must not be freed or modified.	function	string	str | None	a canonical representation for the string	str
Glib.intern_string()	Returns a canonical representation for string. Interned strings can be compared for equality by comparing the pointers, instead of using strcmp().	function	string	str | None	a canonical representation for the string	str
Glib.io_add_watch()	Adds the IOChannel into the default main loop context with the default priority.	function	*args, **kwargs	Any, Any	the event source id	
Glib.io_channel_error_from_errno()	en	function	en	int		IOChannelError
Glib.io_channel_error_quark()		function	None			int
Glib.io_create_watch()	Creates a Source that’s dispatched when condition is met for the given channel. For example, if condition is IN, the source will be dispatched when there’s data available for reading.	function	channel, condition	IOChannel, IOCondition	a new Source	Source
Glib.key_file_error_quark()		function	None			int
Glib.list_pop_allocator()		function	None			None
Glib.list_push_allocator()	allocator	function	allocator	Allocator		None
Glib.listenv()	Gets the names of all variables set in the environment.	function	None		a None-terminated list of strings which must be freed with strfreev().	list[str]
Glib.locale_from_utf8()	Converts a string from UTF-8 to the encoding used for strings by the C runtime (usually the same as that used by the operating system) in the [current locale][setlocale]. On Windows this means the system codepage.	function	utf8string, len	str, int	A newly-allocated buffer containing the converted string, or None on an error, and error will be set.	tuple[list[int], int]
Glib.locale_to_utf8()	Converts a string which is in the encoding used for strings by the C runtime (usually the same as that used by the operating system) in the [current locale][setlocale] into a UTF-8 string.	function	opsysstring	list[int]	The converted string, or None on an error.	tuple[str, int, int]
Glib.log_default_handler()	The default log handler set up by GLib; log_set_default_handler allows to install an alternate default log handler.	function	log_domain, log_level, message, unused_data	str | None, LogLevelFlags, str | None, Any		None
Glib.log_get_debug_enabled()	Return whether debug output from the GLib logging system is enabled.	function	None		TRUE if debug output is enabled, FALSE otherwise	bool
Glib.log_remove_handler()	Removes the log handler.	function	log_domain, handler_id	str, int		None
Glib.log_set_always_fatal()	Sets the message levels which are always fatal, in any log domain.	function	fatal_mask	LogLevelFlags	the old fatal mask	LogLevelFlags
Glib.log_set_debug_enabled()	Enable or disable debug output from the GLib logging system for all domains.	function	enabled	bool		None
Glib.log_set_fatal_mask()	Sets the log levels which are fatal in the given domain.	function	log_domain, fatal_mask	str, LogLevelFlags	the old fatal mask for the log domain	LogLevelFlags
Glib.log_set_handler()	Sets the log handler for a domain and a set of log levels.	function	log_domain, log_levels, log_func, user_data	str | None, LogLevelFlags, Callable[[str, LogLevelFlags, str, Any], None], Any	the id of the new handler	int
Glib.log_set_writer_func()	Set a writer function which will be called to format and write out each log message.	function	user_data	Any		None
Glib.log_structured_array()	Log a message with structured data.	function	log_level, fields	LogLevelFlags, list[LogField]		None
Glib.log_variant()	Log a message with structured data, accepting the data within a Variant.	function	log_domain, log_level, fields	str | None, LogLevelFlags, Variant		None
Glib.log_writer_default()	Format a structured log message and output it to the default log destination for the platform.	function	log_level, fields, user_data	LogLevelFlags, list[LogField], Any	HANDLED on success, UNHANDLED otherwise	LogWriterOutput
Glib.log_writer_default_set_debug_domains()	Reset the list of domains to be logged, that might be initially set by the G_MESSAGES_DEBUG environment variable.	function	domains	str | None		None
Glib.log_writer_default_set_use_stderr()	Configure whether the built-in log functions will output all log messages to stderr.	function	use_stderr	bool		None
Glib.log_writer_default_would_drop()	Check whether log_writer_default and log_default_handler would ignore a message with the given domain and level.	function	log_level, log_domain	LogLevelFlags, str | None	TRUE if the log message would be dropped by GLib’s default log handlers	bool
Glib.log_writer_format_fields()	Format a structured log message as a string suitable for outputting to the terminal (or elsewhere).	function	log_level, fields, use_color	LogLevelFlags, list[LogField], bool	string containing the formatted log message, in the character set of the current locale	str
Glib.log_writer_is_journald()	Check whether the given output_fd file descriptor is a connection to the systemd journal, or something else (like a log file or stdout or stderr).	function	output_fd	int	TRUE if output_fd points to the journal, FALSE otherwise	bool
Glib.log_writer_journald()	Format a structured log message and send it to the systemd journal as a set of key–value pairs.	function	log_level, fields, user_data	LogLevelFlags, list[LogField], Any	HANDLED on success, UNHANDLED otherwise	LogWriterOutput
Glib.log_writer_standard_streams()	Format a structured log message and print it to either stdout or stderr, depending on its log level.	function	log_level, fields, user_data	LogLevelFlags, list[LogField], Any	HANDLED on success, UNHANDLED otherwise	LogWriterOutput
Glib.log_writer_supports_color()	Check whether the given output_fd file descriptor supports ANSI color escape sequences.	function	output_fd	int	TRUE if ANSI color escapes are supported, FALSE otherwise	bool
Glib.log_writer_syslog()	Format a structured log message and send it to the syslog daemon. Only fields which are understood by this function are included in the formatted string which is printed.	function	log_level, fields, user_data	LogLevelFlags, list[LogField], Any	HANDLED on success, UNHANDLED otherwise	LogWriterOutput
Glib.lstat()	A wrapper for the POSIX lstat() function. The lstat() function is like stat() except that in the case of symbolic links, it returns information about the symbolic link itself and not the file that it refers to. If the system does not support symbolic links lstat() is identical to stat().	function	filename, buf	str, StatBuf	0 if the information was successfully retrieved, -1 if an error occurred	int
Glib.main_context_default()		function	None			MainContext
Glib.main_context_get_thread_default()		function	None			MainContext | None
Glib.main_current_source()	Returns the currently firing source for this thread.	function	None		The currently firing source or None.	Source | None
Glib.main_depth()	Returns the depth of the stack of calls to dispatch on any MainContext in the current thread. That is, when called from the toplevel, it gives 0. When called from within a callback from iteration (or run, etc.) it returns 1. When called from within a callback to a recursive call to iteration, it returns 2. And so forth.	function	None		The main loop recursion level in the current thread	int
Glib.malloc()	Allocates n_bytes bytes of memory. If n_bytes is 0 it returns None.	function	n_bytes	int	a pointer to the allocated memory	Any | None
Glib.malloc0()	Allocates n_bytes bytes of memory, initialized to 0’s. If n_bytes is 0 it returns None.	function	n_bytes	int	a pointer to the allocated memory	Any | None
Glib.malloc0_n()	This function is similar to malloc0(), allocating (n_blocks * n_block_bytes) bytes, but care is taken to detect possible overflow during multiplication.	function	n_blocks, n_block_bytes	int, int	a pointer to the allocated memory	Any | None
Glib.malloc_n()	This function is similar to malloc(), allocating (n_blocks * n_block_bytes) bytes, but care is taken to detect possible overflow during multiplication.	function	n_blocks, n_block_bytes	int, int	a pointer to the allocated memory	Any | None
Glib.markup_error_quark()		function	None			int
Glib.markup_escape_text()	Escapes text so that the markup parser will parse it verbatim. Less than, greater than, ampersand, etc. are replaced with the corresponding entities. This function would typically be used when writing out a file to be parsed with the markup parser.	function	text, length	Any, Any	a newly allocated string with the escaped text	
Glib.mem_chunk_info()		function	None			None
Glib.mem_is_system_malloc()	Checks whether the allocator used by malloc() is the system’s malloc implementation. If it returns True memory allocated with malloc() can be used interchangeably with memory allocated using malloc(). This function is useful for avoiding an extra copy of allocated memory returned by a non-GLib-based API.	function	None		if True, malloc() and malloc() can be mixed.	bool
Glib.mem_profile()	GLib used to support some tools for memory profiling, but this no longer works. There are many other useful tools for memory profiling these days which can be used instead.	function	None			None
Glib.mem_set_vtable()	This function used to let you override the memory allocation function. However, its use was incompatible with the use of global constructors in GLib and GIO, because those use the GLib allocators before main is reached. Therefore this function is now deprecated and is just a stub.	function	vtable	MemVTable		None
Glib.memdup()	Allocates byte_size bytes of memory, and copies byte_size bytes into it from mem. If mem is NULL it returns NULL.	function	mem, byte_size	Any, int	a pointer to the newly-allocated copy of the memory	Any | None
Glib.memdup2()	Allocates byte_size bytes of memory, and copies byte_size bytes into it from mem. If mem is NULL it returns NULL.	function	mem, byte_size	Any, int	a pointer to the newly-allocated copy of the memory	Any | None
Glib.mkdir()	A wrapper for the POSIX mkdir() function. The mkdir() function attempts to create a directory with the given name and permissions. The mode argument is ignored on Windows.	function	filename, mode	str, int	0 if the directory was successfully created, -1 if an error occurred	int
Glib.mkdir_with_parents()	Create a directory if it doesn’t already exist. Create intermediate parent directories as needed, too.	function	pathname, mode	str, int	0 if the directory already exists, or was successfully created. Returns -1 if an error occurred, with errno set.	int
Glib.node_pop_allocator()		function	None			None
Glib.node_push_allocator()	allocator	function	allocator	Allocator		None
Glib.nullify_pointer()	Set the pointer at the specified location to None.	function	nullify_location	Any		None
Glib.number_parser_error_quark()		function	None			int
Glib.on_error_query()	Prompts the user with [E]xit, [H]alt, show [S]tack trace or [P]roceed. This function is intended to be used for debugging use only. The following example shows how it can be used together with the log() functions.	function	prg_name	str		None
Glib.on_error_stack_trace()	Invokes gdb, which attaches to the current process and shows a stack trace. Called by on_error_query() when the “[S]tack trace” option is selected. You can get the current process’s program name with get_prgname(), assuming that you have called gtk_init() or gdk_init().	function	prg_name	str		None
Glib.once_init_enter()	location	function	location	Any		tuple[bool, Any]
Glib.once_init_enter_impl()	location	function	location	int		bool
Glib.once_init_enter_pointer()	location	function	location	Any		bool
Glib.once_init_leave()	location	function	location, result	Any, int		Any
Glib.once_init_leave_pointer()	location	function	location, result	Any, Any		None
Glib.open()	A wrapper for the POSIX open() function. The open() function is used to convert a pathname into a file descriptor.	function	filename, flags, mode	str, int, int	a new file descriptor, or -1 if an error occurred. The return value can be used exactly like the return value from open().	int
Glib.option_error_quark()		function	None			int
Glib.parse_debug_string()	Parses a string containing debugging options into a unsigned int containing bit flags. This is used within GDK and GTK to parse the debug options passed on the command line or through environment variables.	function	string, keys	str | None, list[DebugKey]	the combined set of bit flags.	int
Glib.path_buf_equal()	v1	function	v1, v2	Any, Any		bool
Glib.path_get_basename()	Gets the last component of the filename.	function	file_name	str	a newly allocated string containing the last component of the filename	str
Glib.path_get_dirname()	Gets the directory components of a file name. For example, the directory component of /usr/bin/test is /usr/bin. The directory component of / is /.	function	file_name	str	the directory components of the file	str
Glib.path_is_absolute()	Returns True if the given file_name is an absolute file name. Note that this is a somewhat vague concept on Windows.	function	file_name	str	True if file_name is absolute	bool
Glib.path_skip_root()	"Returns a pointer into file_name after the root component, i.e. after the “/” in UNIX or “C:"" under Windows. If file_name is not an absolute path it returns None."	function	file_name	str	a pointer into file_name after the root component	str | None
Glib.pattern_match_simple()	Matches a string against a pattern given as a string.	function	pattern, string	str, str	True if string matches pspec	bool
Glib.pointer_bit_lock()	This is equivalent to g_bit_lock, but working on pointers (or other pointer-sized values).	function	address, lock_bit	Any, int		None
Glib.pointer_bit_lock_and_get()	This is equivalent to g_bit_lock, but working on pointers (or other pointer-sized values).	function	address, lock_bit	Any, int		int
Glib.pointer_bit_lock_mask_ptr()	This mangles ptr as pointer_bit_lock() and pointer_bit_unlock() do.	function	ptr, lock_bit, set, preserve_mask, preserve_ptr	Any, int, bool, int, Any	the mangled pointer.	Any | None
Glib.pointer_bit_trylock()	This is equivalent to bit_trylock(), but working on pointers (or other pointer-sized values).	function	address, lock_bit	Any, int	True if the lock was acquired	bool
Glib.pointer_bit_unlock()	This is equivalent to g_bit_unlock, but working on pointers (or other pointer-sized values).	function	address, lock_bit	Any, int		None
Glib.pointer_bit_unlock_and_set()	This is equivalent to pointer_bit_unlock() and atomically setting the pointer value.	function	address, lock_bit, ptr, preserve_mask	Any, int, Any, int		None
Glib.poll()	Polls fds, as with the poll() system call, but portably. (On systems that don’t have poll(), it is emulated using select().) This is used internally by MainContext, but it can be called directly if you need to block until a file descriptor is ready, but don’t want to run the full main loop.	function	fds, nfds, timeout	PollFD, int, int	the number of entries in fds whose revents fields were filled in, or 0 if the operation timed out, or -1 on error or if the call was interrupted.	int
Glib.prefix_error_literal()	Prefixes prefix to an existing error message. If err or err is None (i.e.: no error variable) then do nothing.	function	err, prefix	GError | None, str		GError | None
Glib.propagate_error()	If dest is None, free src; otherwise, moves src into dest. The error variable dest points to must be None.	function	src	GError		GError | None
Glib.qsort_with_data()	This is just like the standard C `qsort() <man:qsort(3)>`__ function, but the comparison routine accepts a user data argument (like `qsort_r() <man:qsort_r(3)>`__).	function	pbase, total_elems, size, compare_func, user_data	Any, int, int, Callable[[Any, Any, Any], int], Any		None
Glib.quark_from_static_string()	Gets the Quark identifying the given (static) string. If the string does not currently have an associated Quark, a new Quark is created, linked to the given string.	function	string	str | None	the Quark identifying the string, or 0 if string is None	int
Glib.quark_from_string()	Gets the Quark identifying the given string. If the string does not currently have an associated Quark, a new Quark is created, using a copy of the string.	function	string	str | None	the Quark identifying the string, or 0 if string is None	int
Glib.quark_to_string()	Gets the string associated with the given Quark.	function	quark	int	the string associated with the Quark	str
Glib.quark_try_string()	Gets the Quark associated with the given string, or 0 if string is None or it has no associated Quark.	function	string	str | None	the Quark associated with the string, or 0 if string is None or there is no Quark associated with it	int
Glib.random_double()	Returns a random float equally distributed over the range [0..1).	function	None		a random number	float
Glib.random_double_range()	Returns a random float equally distributed over the range [begin..``end``).	function	begin, end	float, float	a random number	float
Glib.random_int()	Return a random int equally distributed over the range [0..2^32-1].	function	None		a random number	int
Glib.random_int_range()	Returns a random int equally distributed over the range [begin..``end``-1].	function	begin, end	int, int	a random number	int
Glib.random_set_seed()	Sets the seed for the global random number generator, which is used by the g_random_* functions, to seed.	function	seed	int		None
Glib.rc_box_acquire()	Acquires a reference on the data pointed by mem_block.	function	mem_block	Any	a pointer to the data, with its reference count increased	Any
Glib.rc_box_alloc()	Allocates block_size bytes of memory, and adds reference counting semantics to it.	function	block_size	int	a pointer to the allocated memory	Any
Glib.rc_box_alloc0()	Allocates block_size bytes of memory, and adds reference counting semantics to it.	function	block_size	int	a pointer to the allocated memory	Any
Glib.rc_box_dup()	Allocates a new block of data with reference counting semantics, and copies block_size bytes of mem_block into it.	function	block_size, mem_block	int, Any	a pointer to the allocated memory	Any
Glib.rc_box_get_size()	Retrieves the size of the reference counted data pointed by mem_block.	function	mem_block	Any	the size of the data, in bytes	int
Glib.rc_box_release()	Releases a reference on the data pointed by mem_block.	function	mem_block	Any		None
Glib.rc_box_release_full()	Releases a reference on the data pointed by mem_block.	function	mem_block, clear_func	Any, Callable[[Any], None]		None
Glib.realloc()	Reallocates the memory pointed to by mem, so that it now has space for n_bytes bytes of memory. It returns the new address of the memory, which may have been moved. mem may be None, in which case it’s considered to have zero-length. n_bytes may be 0, in which case None will be returned and mem will be freed unless it is None.	function	mem, n_bytes	Any, int	the new address of the allocated memory	Any | None
Glib.realloc_n()	This function is similar to realloc(), allocating (n_blocks * n_block_bytes) bytes, but care is taken to detect possible overflow during multiplication.	function	mem, n_blocks, n_block_bytes	Any, int, int	the new address of the allocated memory	Any | None
Glib.regex_check_replacement()	replacement	function	replacement	str		tuple[bool, bool]
Glib.regex_error_quark()		function	None			int
Glib.regex_escape_nul()	string	function	string, length	str, int		str
Glib.regex_escape_string()	string	function	string, length	str, int		str
Glib.regex_match_simple()	pattern	function	pattern, string, compile_options, match_options	str, str, RegexCompileFlags, RegexMatchFlags		bool
Glib.regex_split_simple()	pattern	function	pattern, string, compile_options, match_options	str, str, RegexCompileFlags, RegexMatchFlags		list[str]
Glib.reload_user_special_dirs_cache()	Resets the cache used for get_user_special_dir(), so that the latest on-disk version is used. Call this only if you just changed the data on disk yourself.	function	None			None
Glib.remove()	A wrapper for the POSIX remove() function. The remove() function deletes a name from the filesystem.	function	filename	str	0 if the file was successfully removed, -1 if an error occurred	int
Glib.rename()	A wrapper for the POSIX rename() function. The rename() function renames a file, moving it between directories if required.	function	oldfilename, newfilename	str, str	0 if the renaming succeeded, -1 if an error occurred	int
Glib.rmdir()	A wrapper for the POSIX rmdir() function. The rmdir() function deletes a directory from the filesystem.	function	filename	str	0 if the directory was successfully removed, -1 if an error occurred	int
Glib.sequence_foreach_range()	begin	function	begin, end, func, user_data	SequenceIter, SequenceIter, Callable[[Any, Any], None], Any		None
Glib.sequence_get()	iter	function	iter	SequenceIter		Any | None
Glib.sequence_insert_before()	iter	function	iter, data	SequenceIter, Any		SequenceIter
Glib.sequence_move()	src	function	src, dest	SequenceIter, SequenceIter		None
Glib.sequence_move_range()	dest	function	dest, begin, end	SequenceIter, SequenceIter, SequenceIter		None
Glib.sequence_range_get_midpoint()	begin	function	begin, end	SequenceIter, SequenceIter		SequenceIter
Glib.sequence_remove()	iter	function	iter	SequenceIter		None
Glib.sequence_remove_range()	begin	function	begin, end	SequenceIter, SequenceIter		None
Glib.sequence_set()	iter	function	iter, data	SequenceIter, Any		None
Glib.sequence_sort_changed()	iter	function	iter, cmp_func, cmp_data	SequenceIter, Callable[[Any, Any, Any], int], Any		None
Glib.sequence_sort_changed_iter()	iter	function	iter, iter_cmp, cmp_data	SequenceIter, Callable[[SequenceIter, SequenceIter, Any], int], Any		None
Glib.sequence_swap()	a	function	a, b	SequenceIter, SequenceIter		None
Glib.set_application_name()	Sets a human-readable name for the application. This name should be localized if possible, and is intended for display to the user. Contrast with set_prgname(), which sets a non-localized name. set_prgname() will be called automatically by gtk_init(), but set_application_name() will not.	function	application_name	str		None
Glib.set_error_literal()	Does nothing if err is None; if err is non-None, then err must be None. A new Error is created and assigned to err. Unlike set_error(), message is not a printf()-style format string. Use this function if message contains text you don’t have control over, that could include printf() escape sequences.	function	domain, code, message	int, int, str		GError
Glib.set_prgname()	Sets the name of the program. This name should not be localized, in contrast to set_application_name().	function	prgname	str		None
Glib.set_prgname_once()	If get_prgname() is not set, this is the same as setting the name via set_prgname() and True is returned. Otherwise, does nothing and returns False. This is thread-safe.	function	prgname	str	whether g_prgname was initialized by the call.	bool
Glib.setenv()	Sets an environment variable. On UNIX, both the variable’s name and value can be arbitrary byte strings, except that the variable’s name cannot contain ‘=’. On Windows, they should be in UTF-8.	function	variable, value, overwrite	str, str, bool	False if the environment variable couldn’t be set.	bool
Glib.shell_error_quark()		function	None			int
Glib.shell_parse_argv()	Parses a command line into an argument vector, in much the same way the shell would, but without many of the expansions the shell would perform (variable expansion, globs, operators, filename expansion, etc. are not supported).	function	command_line	str	True on success, False if error set	tuple[bool, list[str]]
Glib.shell_quote()	Quotes a string so that the shell (/bin/sh) will interpret the quoted string to mean unquoted_string.	function	unquoted_string	str	quoted string	str
Glib.shell_unquote()	Unquotes a string as the shell (/bin/sh) would.	function	quoted_string	str	an unquoted string	str
Glib.slice_alloc()	Allocates a block of memory from the libc allocator.	function	block_size	int	a pointer to the allocated memory block, which will be None if and only if mem_size is 0	Any | None
Glib.slice_alloc0()	Allocates a block of memory via slice_alloc() and initializes the returned memory to 0.	function	block_size	int	a pointer to the allocated block, which will be None if and only if mem_size is 0	Any | None
Glib.slice_free1()	Frees a block of memory.	function	block_size, mem_block	int, Any		None
Glib.slice_free_chain_with_offset()	Frees a linked list of memory blocks of structure type type.	function	block_size, mem_chain, next_offset	int, Any, int		None
Glib.slice_get_config()	ckey	function	ckey	SliceConfig		int
Glib.slice_get_config_state()	ckey	function	ckey, address, n_values	SliceConfig, int, int		int
Glib.slice_set_config()	ckey	function	ckey, value	SliceConfig, int		None
Glib.slist_pop_allocator()		function	None			None
Glib.slist_push_allocator()	allocator	function	allocator	Allocator		None
Glib.source_remove()	tag	function	tag	int		bool
Glib.source_remove_by_funcs_user_data()	funcs	function	funcs, user_data	SourceFuncs, Any		bool
Glib.source_remove_by_user_data()	user_data	function	user_data	Any		bool
Glib.source_set_name_by_id()	tag	function	tag, name	int, str		None
Glib.spaced_primes_closest()	Gets the smallest prime number from a built-in array of primes which is larger than num. This is used within GLib to calculate the optimum size of a HashTable.	function	num	int	the smallest prime number from a built-in array of primes which is larger than num	int
Glib.spawn_async()	flags=0, child_setup=None, user_data=None, standard_input=None, standard_output=None, standard_error=None) -> (pid, stdin, stdout, stderr)	function	argv	~typing.Sequence[str], envp: ~typing.Sequence[str] | None	True on success, False if error is set	tuple[Pid, int | None, int | None, int | None]
Glib.spawn_async_with_fds()	Executes a child program asynchronously.	function	working_directory, argv, envp, flags, child_setup, user_data, stdin_fd, stdout_fd, stderr_fd	str | None, list[str], list[str] | None, SpawnFlags, Callable[[Any], None] | None, Any, int, int, int	True on success, False if an error was set	tuple[bool, int]
Glib.spawn_async_with_pipes()	Identical to spawn_async_with_pipes_and_fds() but with n_fds set to zero, so no FD assignments are used.	function	working_directory, argv, envp, flags, child_setup, user_data	str | None, list[str], list[str] | None, SpawnFlags, Callable[[Any], None] | None, Any	True on success, False if an error was set	tuple[bool, int, int, int, int]
Glib.spawn_async_with_pipes_and_fds()	Executes a child program asynchronously (your program will not block waiting for the child to exit).	function	working_directory, argv, envp, flags, child_setup, user_data, stdin_fd, stdout_fd, stderr_fd, source_fds, target_fds	str | None, list[str], list[str] | None, SpawnFlags, Callable[[Any], None] | None, Any, int, int, int, list[int] | None, list[int] | None	True on success, False if an error was set	tuple[bool, int, int, int, int]
Glib.spawn_check_exit_status()	An old name for spawn_check_wait_status(), deprecated because its name is misleading.	function	wait_status	int	True if child exited successfully, False otherwise (and error will be set)	bool
Glib.spawn_check_wait_status()	Set error if wait_status indicates the child exited abnormally (e.g. with a nonzero exit code, or via a fatal signal).	function	wait_status	int	True if child exited successfully, False otherwise (and error will be set)	bool
Glib.spawn_close_pid()	On some platforms, notably Windows, the Pid type represents a resource which must be closed to prevent resource leaking. spawn_close_pid() is provided for this purpose. It should be used on all platforms, even though it doesn’t do anything under UNIX.	function	pid	int		None
Glib.spawn_command_line_async()	A simple version of spawn_async() that parses a command line with shell_parse_argv() and passes it to spawn_async().	function	command_line	str	True on success, False if error is set	bool
Glib.spawn_command_line_sync()	A simple version of spawn_sync() with little-used parameters removed, taking a command line instead of an argument vector.	function	command_line	str	True on success, False if an error was set	tuple[bool, list[int], list[int], int]
Glib.spawn_error_quark()		function	None			int
Glib.spawn_exit_error_quark()		function	None			int
Glib.spawn_sync()	Executes a child synchronously (waits for the child to exit before returning).	function	working_directory, argv, envp, flags, child_setup, user_data	str | None, list[str], list[str] | None, SpawnFlags, Callable[[Any], None] | None, Any	True on success, False if an error was set	tuple[bool, list[int], list[int], int]
Glib.stat()	A wrapper for the POSIX stat() function. The stat() function returns information about a file. On Windows the stat() function in the C library checks only the FAT-style READONLY attribute and does not look at the ACL at all. Thus on Windows the protection bits in the st_mode field are a fabrication of little use.	function	filename, buf	str, StatBuf	0 if the information was successfully retrieved, -1 if an error occurred	int
Glib.stpcpy()	Copies a nul-terminated string into the destination buffer, including the trailing nul byte, and returns a pointer to the trailing nul byte in dest. The return value is useful for concatenating multiple strings without having to repeatedly scan for the end.	function	dest, src	str, str	a pointer to the trailing nul byte in dest	str
Glib.str_equal()	Compares two strings for byte-by-byte equality and returns True if they are equal. It can be passed to new() as the key_equal_func parameter, when using non-None strings as keys in a HashTable.	function	v1, v2	Any, Any	True if the two keys match	bool
Glib.str_has_prefix()	Looks whether the string str begins with prefix.	function	str, prefix	str, str	true if str begins with prefix, false otherwise	bool
Glib.str_has_suffix()	Looks whether a string ends with suffix.	function	str, suffix	str, str	true if str ends with suffix, false otherwise	bool
Glib.str_hash()	Converts a string to a hash value.	function	v	Any	a hash value corresponding to the key	int
Glib.str_is_ascii()	Determines if a string is pure ASCII. A string is pure ASCII if it contains no bytes with the high bit set.	function	str	str	true if str is ASCII	bool
Glib.str_match_string()	Checks if a search conducted for search_term should match potential_hit.	function	search_term, potential_hit, accept_alternates	str, str, bool	true if potential_hit is a hit	bool
Glib.str_to_ascii()	Transliterate str to plain ASCII.	function	str, from_locale	str, str | None	a string in plain ASCII	str
Glib.str_tokenize_and_fold()	Tokenizes string and performs folding on each token.	function	string, translit_locale	str, str | None	the folded tokens	tuple[list[str], list[str]]
Glib.strcanon()	For each character in string, if the character is not in valid_chars, replaces the character with substitutor.	function	string, valid_chars, substitutor	str, str, int	the modified string	str
Glib.strcasecmp()	A case-insensitive string comparison, corresponding to the standard strcasecmp() function on platforms which support it.	function	s1, s2	str, str	0 if the strings match, a negative value if s1 < s2, or a positive value if s1 > s2	int
Glib.strchomp()	Removes trailing whitespace from a string.	function	string	str	the modified string	str
Glib.strchug()	Removes leading whitespace from a string, by moving the rest of the characters forward.	function	string	str	the modified string	str
Glib.strcmp0()	Compares str1 and str2 like strcmp(). Handles None gracefully by sorting it before non-None strings. Comparing two None pointers returns 0.	function	str1, str2	str | None, str | None	an integer less than, equal to, or greater than zero, if str1 is <, == or > than str2.	int
Glib.strcompress()	Makes a copy of a string replacing C string-style escape sequences with their one byte equivalent:	function	source	str	a newly-allocated copy of source with all escaped character compressed	str
Glib.strdelimit()	Converts any delimiter characters in string to new_delimiter.	function	string, delimiters, new_delimiter	str, str | None, int	the modified string	str
Glib.strdown()	Converts a string to lower case.	function	string	str	the string	str
Glib.strdup()	Duplicates a string. If str is NULL it returns NULL.	function	str	str | None	a newly-allocated copy of str	str
Glib.strdupv()	Copies an array of strings. The copy is a deep copy; each string is also copied.	function	str_array	list[str] | None	a newly-allocated array of strings. Use strfreev to free it.	list[str] | None
Glib.strerror()	Returns a string corresponding to the given error code, e.g. “no such process”.	function	errnum	int	the string describing the error code	str
Glib.strescape()	It replaces the following special characters in the string source with their corresponding C escape sequence:	function	source, exceptions	str, str | None	a newly-allocated copy of source with special characters escaped	str
Glib.strfreev()	Frees an array of strings, as well as each string it contains.	function	str_array	list[str] | None		None
Glib.strip_context()	An auxiliary function for gettext() support (see Q_()).	function	msgid, msgval	str, str	msgval, unless msgval is identical to msgid and contains a ‘|’ character, in which case a pointer to the substring of msgid after the first ‘|’ character is returned.	str
Glib.strjoinv()	Joins an array of strings together to form one long string, with the optional separator inserted between each of them.	function	separator, str_array	str | None, list[str]	a newly-allocated string containing all of the strings joined together, with separator between them	str
Glib.strlcat()	Portability wrapper that calls strlcat() on systems which have it, and emulates it otherwise. Appends nul-terminated src string to dest, guaranteeing nul-termination for dest. The total size of dest won’t exceed dest_size.	function	dest, src, dest_size	str, str, int	size of attempted result, which is MIN (dest_size, strlen (original dest)) + strlen (src), so if retval >= dest_size, truncation occurred	int
Glib.strlcpy()	Portability wrapper that calls strlcpy() on systems which have it, and emulates strlcpy() otherwise. Copies src to dest; dest is guaranteed to be nul-terminated; src must be nul-terminated; dest_size is the buffer size, not the number of bytes to copy.	function	dest, src, dest_size	str, str, int	length of src	int
Glib.strncasecmp()	A case-insensitive string comparison, corresponding to the standard strncasecmp() function on platforms which support it. It is similar to strcasecmp except it only compares the first n characters of the strings.	function	s1, s2, n	str, str, int	0 if the strings match, a negative value if s1 < s2, or a positive value if s1 > s2	int
Glib.strndup()	Duplicates the first n bytes of a string, returning a newly-allocated buffer n + 1 bytes long which will always be nul-terminated. If str is less than n bytes long the buffer is padded with nuls. If str is NULL it returns NULL.	function	str, n	str | None, int	a newly-allocated buffer containing the first n bytes of str	str | None
Glib.strnfill()	Creates a new string length bytes long filled with fill_char.	function	length, fill_char	int, int	a newly-allocated string filled with fill_char	str
Glib.strreverse()	"Reverses all of the bytes in a string. For example, g_strreverse (""abcdef"") will result in “fedcba”."	function	string	str	the string, reversed in place	str
Glib.strrstr()	Searches the string haystack for the last occurrence of the string needle.	function	haystack, needle	str, str	a pointer to the found occurrence, or NULL if not found	str | None
Glib.strrstr_len()	Searches the string haystack for the last occurrence of the string needle, limiting the length of the search to haystack_len.	function	haystack, haystack_len, needle	str, int, str	a pointer to the found occurrence, or NULL if not found	str | None
Glib.strsignal()	Returns a string describing the given signal, e.g. “Segmentation fault”. If the signal is unknown, it returns “unknown signal (<signum>)”.	function	signum	int	the string describing the signal	str
Glib.strsplit()	Splits a string into a maximum of max_tokens pieces, using the given delimiter. If max_tokens is reached, the remainder of string is appended to the last token.	function	string, delimiter, max_tokens	str, str, int	a newly-allocated array of strings, freed with strfreev	list[str]
Glib.strsplit_set()	Splits string into a number of tokens not containing any of the characters in delimiters. A token is the (possibly empty) longest string that does not contain any of the characters in delimiters. If max_tokens is reached, the remainder is appended to the last token.	function	string, delimiters, max_tokens	str, str, int	a newly-allocated array of strings. Use strfreev to free it.	list[str]
Glib.strstr_len()	Searches the string haystack for the first occurrence of the string needle, limiting the length of the search to haystack_len or a nul terminator byte (whichever is reached first).	function	haystack, haystack_len, needle	str, int, str	a pointer to the found occurrence, or NULL if not found	str | None
Glib.strtod()	Converts a string to a floating point value.	function	nptr	str	the converted value	tuple[float, str]
Glib.strup()	Converts a string to upper case.	function	string	str	the string	str
Glib.strv_contains()	Checks if an array of strings contains the string str according to str_equal. strv must not be NULL.	function	strv, str	list[str], str	true if str is an element of strv	bool
Glib.strv_equal()	Checks if two arrays of strings contain exactly the same elements in exactly the same order.	function	strv1, strv2	list[str], list[str]	true if strv1 and strv2 are equal	bool
Glib.strv_get_type()		function	None			GType
Glib.strv_length()	Returns the length of an array of strings. str_array must not be NULL.	function	str_array	list[str]	length of str_array	int
Glib.test_add_data_func()	Create a new test case, similar to test_create_case(). However the test is assumed to use no fixture, and test suites are automatically created on the fly and added to the root fixture, based on the slash-separated portions of testpath. The test_data argument will be passed as first argument to test_func.	function	testpath, test_data, test_func	str, Any, Callable[[Any], None]		None
Glib.test_add_data_func_full()	Create a new test case, as with test_add_data_func(), but freeing test_data after the test run is complete.	function	testpath, test_data, test_func	str, Any, Callable[[Any], None]		None
Glib.test_add_func()	Create a new test case, similar to test_create_case(). However the test is assumed to use no fixture, and test suites are automatically created on the fly and added to the root fixture, based on the slash-separated portions of testpath.	function	testpath, test_func	str, Callable[[], None]		None
Glib.test_assert_expected_messages_internal()	domain	function	domain, file, line, func	str, str, int, str		None
Glib.test_bug()	This function adds a message to test reports that associates a bug URI with a test case.	function	bug_uri_snippet	str		None
Glib.test_bug_base()	Specify the base URI for bug reports.	function	uri_pattern	str		None
Glib.test_disable_crash_reporting()	Attempt to disable system crash reporting infrastructure.	function	None			None
Glib.test_expect_message()	Indicates that a message with the given log_domain and log_level, with text matching pattern, is expected to be logged.	function	log_domain, log_level, pattern	str | None, LogLevelFlags, str		None
Glib.test_fail()	Indicates that a test failed. This function can be called multiple times from the same test. You can use this function if your test failed in a recoverable way.	function	None			None
Glib.test_failed()	Returns whether a test has already failed. This will be the case when test_fail(), test_incomplete() or test_skip() have been called, but also if an assertion has failed.	function	None		True if the test has failed	bool
Glib.test_get_dir()	Gets the pathname of the directory containing test files of the type specified by file_type.	function	file_type	TestFileType	the path of the directory, owned by GLib	str
Glib.test_get_path()	Gets the test path for the test currently being run.	function	None		the test path for the test currently being run	str
Glib.test_incomplete()	Indicates that a test failed because of some incomplete functionality. This function can be called multiple times from the same test.	function	msg	str | None		None
Glib.test_log_type_name()	log_type	function	log_type	TestLogType		str
Glib.test_queue_destroy()	Enqueues a callback destroy_func to be executed during the next test case teardown phase.	function	destroy_func, destroy_data	Callable[[Any], None], Any		None
Glib.test_queue_free()	Enqueue a pointer to be released with free() during the next teardown phase. This is equivalent to calling test_queue_destroy() with a destroy callback of free().	function	gfree_pointer	Any		None
Glib.test_rand_double()	Get a reproducible random floating point number, see test_rand_int() for details on test case random numbers.	function	None		a random number from the seeded random number generator.	float
Glib.test_rand_double_range()	Get a reproducible random floating pointer number out of a specified range, see test_rand_int() for details on test case random numbers.	function	range_start, range_end	float, float	a number with range_start <= number < range_end.	float
Glib.test_rand_int()	Get a reproducible random integer number.	function	None		a random number from the seeded random number generator.	int
Glib.test_rand_int_range()	Get a reproducible random integer number out of a specified range, see test_rand_int() for details on test case random numbers.	function	begin, end	int, int	a number with begin <= number < end.	int
Glib.test_run()	Runs all tests under the toplevel suite which can be retrieved with test_get_root(). Similar to test_run_suite(), the test cases to be run are filtered according to test path arguments (-p testpath and -s testpath) as parsed by test_init(). test_run_suite() or test_run() may only be called once in a program.	function	None		0 on success, 1 on failure (assuming it returns at all), 0 or 77 if all tests were skipped with test_skip() and/or test_incomplete()	int
Glib.test_run_suite()	Execute the tests within suite and all nested TestSuite. The test suites to be executed are filtered according to test path arguments (-p testpath and -s testpath) as parsed by test_init(). See the test_run() documentation for more information on the order that tests are run in.	function	suite	TestSuite	0 on success	int
Glib.test_set_nonfatal_assertions()	Changes the behaviour of the various g_assert_*() macros, test_assert_expected_messages() and the various g_test_trap_assert_*() macros to not abort to program, but instead call test_fail() and continue. (This also changes the behavior of test_fail() so that it will not cause the test program to abort after completing the failed test.)	function	None			None
Glib.test_skip()	Indicates that a test was skipped.	function	msg	str | None		None
Glib.test_subprocess()	Returns True (after test_init() has been called) if the test program is running under test_trap_subprocess().	function	None		True if the test program is running under test_trap_subprocess().	bool
Glib.test_summary()	Set the summary for a test, which describes what the test checks, and how it goes about checking it. This may be included in test report output, and is useful documentation for anyone reading the source code or modifying a test in future. It must be a single line.	function	summary	str		None
Glib.test_timer_elapsed()	Get the number of seconds since the last start of the timer with test_timer_start().	function	None		the time since the last start of the timer in seconds, as a double	float
Glib.test_timer_last()	Report the last result of test_timer_elapsed().	function	None		the last result of test_timer_elapsed(), as a double	float
Glib.test_timer_start()	Start a timing test. Call test_timer_elapsed() when the task is supposed to be done. Call this function again to restart the timer.	function	None			None
Glib.test_trap_assertions()	domain	function	domain, file, line, func, assertion_flags, pattern	str, str, int, str, int, str		None
Glib.test_trap_fork()	Fork the current test program to execute a test case that might not return or that might abort.	function	usec_timeout, test_trap_flags	int, TestTrapFlags	True for the forked child and False for the executing parent process.	bool
Glib.test_trap_has_passed()	Check the result of the last test_trap_subprocess() call.	function	None		True if the last test subprocess terminated successfully.	bool
Glib.test_trap_reached_timeout()	Check the result of the last test_trap_subprocess() call.	function	None		True if the last test subprocess got killed due to a timeout.	bool
Glib.test_trap_subprocess()	Respawns the test program to run only test_path in a subprocess.	function	test_path, usec_timeout, test_flags	str | None, int, TestSubprocessFlags		None
Glib.test_trap_subprocess_with_envp()	Respawns the test program to run only test_path in a subprocess with the given envp environment.	function	test_path, envp, usec_timeout, test_flags	str | None, list[str] | None, int, TestSubprocessFlags		None
Glib.thread_error_quark()		function	None			int
Glib.thread_exit()	retval	function	retval	Any		None
Glib.thread_pool_get_max_idle_time()		function	None			int
Glib.thread_pool_get_max_unused_threads()		function	None			int
Glib.thread_pool_get_num_unused_threads()		function	None			int
Glib.thread_pool_set_max_idle_time()	interval	function	interval	int		None
Glib.thread_pool_set_max_unused_threads()	max_threads	function	max_threads	int		None
Glib.thread_pool_stop_unused_threads()		function	None			None
Glib.thread_self()		function	None			Thread
Glib.thread_yield()		function	None			None
Glib.threads_init()		function	None			
Glib.time_val_from_iso8601()	iso_date	function	iso_date	str		tuple[bool, TimeVal]
Glib.timeout_add()	Sets a function to be called at regular intervals, with the default priority, PRIORITY_DEFAULT.	function	interval, function, *user_data, priority	Any, Any, Any, Any	the ID (greater than 0) of the event source.	
Glib.timeout_add_seconds()	Sets a function to be called at regular intervals with the default priority, PRIORITY_DEFAULT.	function	interval, function, *user_data, priority	Any, Any, Any, Any	the ID (greater than 0) of the event source.	
Glib.timeout_source_new()	Creates a new timeout source.	function	interval	int	the newly-created timeout source	Source
Glib.timeout_source_new_seconds()	Creates a new timeout source.	function	interval	int	the newly-created timeout source	Source
Glib.trash_stack_height()	stack_p	function	stack_p	TrashStack		int
Glib.trash_stack_peek()	stack_p	function	stack_p	TrashStack		Any | None
Glib.trash_stack_pop()	stack_p	function	stack_p	TrashStack		Any | None
Glib.trash_stack_push()	stack_p	function	stack_p, data_p	TrashStack, Any		None
Glib.try_malloc()	Attempts to allocate n_bytes, and returns None on failure. Contrast with malloc(), which aborts the program on failure.	function	n_bytes	int	the allocated memory, or None.	Any | None
Glib.try_malloc0()	Attempts to allocate n_bytes, initialized to 0’s, and returns None on failure. Contrast with malloc0(), which aborts the program on failure.	function	n_bytes	int	the allocated memory, or None	Any | None
Glib.try_malloc0_n()	This function is similar to try_malloc0(), allocating (n_blocks * n_block_bytes) bytes, but care is taken to detect possible overflow during multiplication.	function	n_blocks, n_block_bytes	int, int	the allocated memory, or None	Any | None
Glib.try_malloc_n()	This function is similar to try_malloc(), allocating (n_blocks * n_block_bytes) bytes, but care is taken to detect possible overflow during multiplication.	function	n_blocks, n_block_bytes	int, int	the allocated memory, or None.	Any | None
Glib.try_realloc()	Attempts to realloc mem to a new size, n_bytes, and returns None on failure. Contrast with realloc(), which aborts the program on failure.	function	mem, n_bytes	Any, int	the allocated memory, or None.	Any | None
Glib.try_realloc_n()	This function is similar to try_realloc(), allocating (n_blocks * n_block_bytes) bytes, but care is taken to detect possible overflow during multiplication.	function	mem, n_blocks, n_block_bytes	Any, int, int	the allocated memory, or None.	Any | None
Glib.ucs4_to_utf16()	Convert a string from UCS-4 to UTF-16. A 0 character will be added to the result after the converted text.	function	str	list[str]	a pointer to a newly allocated UTF-16 string. This value must be freed with free(). If an error occurs, None will be returned and error set.	tuple[int, int, int]
Glib.ucs4_to_utf8()	Convert a string from a 32-bit fixed width representation as UCS-4. to UTF-8. The result will be terminated with a 0 byte.	function	str	list[str]	a pointer to a newly allocated UTF-8 string. This value must be freed with free(). If an error occurs, None will be returned and error set. In that case, items_read will be set to the position of the first invalid input character.	tuple[str, int, int]
Glib.unichar_break_type()	Determines the break type of c. c should be a Unicode character (to derive a character from UTF-8 encoded text, use utf8_get_char()). The break type is used to find word and line breaks (“text boundaries”), Pango implements the Unicode boundary resolution algorithms and normally you would use a function such as pango_break() instead of caring about break types yourself.	function	c	str	the break type of c	UnicodeBreakType
Glib.unichar_combining_class()	Determines the canonical combining class of a Unicode character.	function	uc	str	the combining class of the character	int
Glib.unichar_compose()	Performs a single composition step of the Unicode canonical composition algorithm.	function	a, b	str, str	True if the characters could be composed	tuple[bool, str]
Glib.unichar_decompose()	Performs a single decomposition step of the Unicode canonical decomposition algorithm.	function	ch	str	True if the character could be decomposed	tuple[bool, str, str]
Glib.unichar_digit_value()	Determines the numeric value of a character as a decimal digit.	function	c	str	If c is a decimal digit (according to unichar_isdigit()), its numeric value. Otherwise, -1.	int
Glib.unichar_fully_decompose()	Computes the canonical or compatibility decomposition of a Unicode character. For compatibility decomposition, pass True for compat; for canonical decomposition pass False for compat.	function	ch, compat, result_len	str, bool, int	the length of the full decomposition.	tuple[int, str]
Glib.unichar_get_mirror_char()	In Unicode, some characters are “mirrored”. This means that their images are mirrored horizontally in text that is laid out from right to left. For instance, “(” would become its mirror image, “)”, in right-to-left text.	function	ch	str	True if ch has a mirrored character, False otherwise	tuple[bool, str]
Glib.unichar_get_script()	Looks up the UnicodeScript for a particular character (as defined by Unicode Standard Annex #24). No check is made for ch being a valid Unicode character; if you pass in invalid character, the result is undefined.	function	ch	str	the UnicodeScript for the character.	UnicodeScript
Glib.unichar_isalnum()	Determines whether a character is alphanumeric. Given some UTF-8 text, obtain a character value with utf8_get_char().	function	c	str	True if c is an alphanumeric character	bool
Glib.unichar_isalpha()	Determines whether a character is alphabetic (i.e. a letter). Given some UTF-8 text, obtain a character value with utf8_get_char().	function	c	str	True if c is an alphabetic character	bool
Glib.unichar_iscntrl()	Determines whether a character is a control character. Given some UTF-8 text, obtain a character value with utf8_get_char().	function	c	str	True if c is a control character	bool
Glib.unichar_isdefined()	Determines if a given character is assigned in the Unicode standard.	function	c	str	True if the character has an assigned value	bool
Glib.unichar_isdigit()	Determines whether a character is numeric (i.e. a digit). This covers ASCII 0-9 and also digits in other languages/scripts. Given some UTF-8 text, obtain a character value with utf8_get_char().	function	c	str	True if c is a digit	bool
Glib.unichar_isgraph()	Determines whether a character is printable and not a space (returns False for control characters, format characters, and spaces). unichar_isprint() is similar, but returns True for spaces. Given some UTF-8 text, obtain a character value with utf8_get_char().	function	c	str	True if c is printable unless it’s a space	bool
Glib.unichar_islower()	Determines whether a character is a lowercase letter. Given some UTF-8 text, obtain a character value with utf8_get_char().	function	c	str	True if c is a lowercase letter	bool
Glib.unichar_ismark()	Determines whether a character is a mark (non-spacing mark, combining mark, or enclosing mark in Unicode speak). Given some UTF-8 text, obtain a character value with utf8_get_char().	function	c	str	True if c is a mark character	bool
Glib.unichar_isprint()	Determines whether a character is printable. Unlike unichar_isgraph(), returns True for spaces. Given some UTF-8 text, obtain a character value with utf8_get_char().	function	c	str	True if c is printable	bool
Glib.unichar_ispunct()	Determines whether a character is punctuation or a symbol. Given some UTF-8 text, obtain a character value with utf8_get_char().	function	c	str	True if c is a punctuation or symbol character	bool
Glib.unichar_isspace()	Determines whether a character is a space, tab, or line separator (newline, carriage return, etc.). Given some UTF-8 text, obtain a character value with utf8_get_char().	function	c	str	True if c is a space character	bool
Glib.unichar_istitle()	Determines if a character is titlecase. Some characters in Unicode which are composites, such as the DZ digraph have three case variants instead of just two. The titlecase form is used at the beginning of a word where only the first letter is capitalized. The titlecase form of the DZ digraph is U+01F2 LATIN CAPITAL LETTTER D WITH SMALL LETTER Z.	function	c	str	True if the character is titlecase	bool
Glib.unichar_isupper()	Determines if a character is uppercase.	function	c	str	True if c is an uppercase character	bool
Glib.unichar_iswide()	Determines if a character is typically rendered in a double-width cell.	function	c	str	True if the character is wide	bool
Glib.unichar_iswide_cjk()	Determines if a character is typically rendered in a double-width cell under legacy East Asian locales. If a character is wide according to unichar_iswide(), then it is also reported wide with this function, but the converse is not necessarily true. See the Unicode Standard Annex for details.	function	c	str	True if the character is wide in legacy East Asian locales	bool
Glib.unichar_isxdigit()	Determines if a character is a hexadecimal digit.	function	c	str	True if the character is a hexadecimal digit	bool
Glib.unichar_iszerowidth()	Determines if a given character typically takes zero width when rendered. The return value is True for all non-spacing and enclosing marks (e.g., combining accents), format characters, zero-width space, but not U+00AD SOFT HYPHEN.	function	c	str	True if the character has zero width	bool
Glib.unichar_to_utf8()	Converts a single character to UTF-8.	function	c	str	number of bytes written	tuple[int, str]
Glib.unichar_tolower()	Converts a character to lower case.	function	c	str	the result of converting c to lower case. If c is not an upperlower or titlecase character, or has no lowercase equivalent c is returned unchanged.	str
Glib.unichar_totitle()	Converts a character to the titlecase.	function	c	str	the result of converting c to titlecase. If c is not an uppercase or lowercase character, c is returned unchanged.	str
Glib.unichar_toupper()	Converts a character to uppercase.	function	c	str	the result of converting c to uppercase. If c is not a lowercase or titlecase character, or has no upper case equivalent c is returned unchanged.	str
Glib.unichar_type()	Classifies a Unicode character by type.	function	c	str	the type of the character.	UnicodeType
Glib.unichar_validate()	Checks whether ch is a valid Unicode character. Some possible integer values of ch will not be valid. 0 is considered a valid character, though it’s normally a string terminator.	function	ch	str	True if ch is a valid Unicode character	bool
Glib.unichar_xdigit_value()	Determines the numeric value of a character as a hexadecimal digit.	function	c	str	If c is a hex digit (according to unichar_isxdigit()), its numeric value. Otherwise, -1.	int
Glib.unicode_canonical_decomposition()	Computes the canonical decomposition of a Unicode character.	function	ch, result_len	str, int	a newly allocated string of Unicode characters. result_len is set to the resulting length of the string.	str
Glib.unicode_canonical_ordering()	Computes the canonical ordering of a string in-place. This rearranges decomposed characters in the string according to their combining classes. See the Unicode manual for more information.	function	string	list[str]		None
Glib.unicode_script_from_iso15924()	iso15924	function	iso15924	int		UnicodeScript
Glib.unicode_script_to_iso15924()	script	function	script	UnicodeScript		int
Glib.unix_error_quark()		function	None			int
Glib.unix_fd_add_full()	Sets a function to be called when the IO condition, as specified by condition becomes true for fd.	function	priority, fd, condition, function, user_data	int, int, IOCondition, Callable[[int, IOCondition, Any], bool], Any	the ID (greater than 0) of the event source	int
Glib.unix_fd_source_new()	Creates a Source to watch for a particular I/O condition on a file descriptor.	function	fd, condition	int, IOCondition	the newly created Source	Source
Glib.unix_get_passwd_entry()	Get the passwd file entry for the given user_name using getpwnam_r(). This can fail if the given user_name doesn’t exist.	function	user_name	str	passwd entry, or None on error; free the returned value with free()	Any | None
Glib.unix_open_pipe()	Similar to the UNIX pipe() call, but on modern systems like Linux uses the pipe2() system call, which atomically creates a pipe with the configured flags.	function	fds, flags	list[int], int	True on success, False if not (and errno will be set).	bool
Glib.unix_set_fd_nonblocking()	Control the non-blocking state of the given file descriptor, according to nonblock. On most systems this uses %O_NONBLOCK, but on some older ones may use %O_NDELAY.	function	fd, nonblock	int, bool	True if successful	bool
Glib.unix_signal_add()	A convenience function for unix_signal_source_new(), which attaches to the default MainContext. You can remove the watch using remove().	function	priority, signum, handler, user_data	int, int, Callable[[Any], bool], Any	An ID (greater than 0) for the event source	int
Glib.unix_signal_add_full()	A convenience function for unix_signal_source_new(), which attaches to the default MainContext. You can remove the watch using remove().	function	priority, signum, handler, user_data	int, int, Callable[[Any], bool], Any	An ID (greater than 0) for the event source	int
Glib.unix_signal_source_new()	Create a Source that will be dispatched upon delivery of the UNIX signal signum. In GLib versions before 2.36, only SIGHUP, SIGINT, SIGTERM can be monitored. In GLib 2.36, SIGUSR1 and SIGUSR2 were added. In GLib 2.54, SIGWINCH was added.	function	signum	int	A newly created Source	Source
Glib.unlink()	A wrapper for the POSIX unlink() function. The unlink() function deletes a name from the filesystem. If this was the last link to the file and no processes have it opened, the diskspace occupied by the file is freed.	function	filename	str	0 if the name was successfully deleted, -1 if an error occurred	int
Glib.unsetenv()	Removes an environment variable from the environment.	function	variable	str		None
Glib.uri_build()	flags	function	flags, scheme, userinfo, host, port, path, query, fragment	UriFlags, str, str | None, str | None, int, str, str | None, str | None		Uri
Glib.uri_build_with_user()	flags	function	flags, scheme, user, password, auth_params, host, port, path, query, fragment	UriFlags, str, str | None, str | None, str | None, str | None, int, str, str | None, str | None		Uri
Glib.uri_error_quark()		function	None			int
Glib.uri_escape_bytes()	unescaped	function	unescaped, reserved_chars_allowed	list[int], str | None		str
Glib.uri_escape_string()	unescaped	function	unescaped, reserved_chars_allowed, allow_utf8	str, str | None, bool		str
Glib.uri_is_valid()	uri_string	function	uri_string, flags	str, UriFlags		bool
Glib.uri_join()	flags	function	flags, scheme, userinfo, host, port, path, query, fragment	UriFlags, str | None, str | None, str | None, int, str, str | None, str | None		str
Glib.uri_join_with_user()	flags	function	flags, scheme, user, password, auth_params, host, port, path, query, fragment	UriFlags, str | None, str | None, str | None, str | None, str | None, int, str, str | None, str | None		str
Glib.uri_list_extract_uris()	uri_list	function	uri_list	str		list[str]
Glib.uri_parse()	uri_string	function	uri_string, flags	str, UriFlags		Uri
Glib.uri_parse_params()	params	function	params, length, separators, flags	str, int, str, UriParamsFlags		dict[str, str]
Glib.uri_parse_scheme()	uri	function	uri	str		str | None
Glib.uri_peek_scheme()	uri	function	uri	str		str | None
Glib.uri_resolve_relative()	base_uri_string	function	base_uri_string, uri_ref, flags	str | None, str, UriFlags		str
Glib.uri_split()	uri_ref	function	uri_ref, flags	str, UriFlags		tuple[bool, str | None, str | None, str | None, int, str, str | None, str | None]
Glib.uri_split_network()	uri_string	function	uri_string, flags	str, UriFlags		tuple[bool, str | None, str | None, int]
Glib.uri_split_with_user()	uri_ref	function	uri_ref, flags	str, UriFlags		tuple[bool, str | None, str | None, str | None, str | None, str | None, int, str, str | None, str | None]
Glib.uri_unescape_bytes()	escaped_string	function	escaped_string, length, illegal_characters	str, int, str | None		Bytes
Glib.uri_unescape_segment()	escaped_string	function	escaped_string, escaped_string_end, illegal_characters	str | None, str | None, str | None		str | None
Glib.uri_unescape_string()	escaped_string	function	escaped_string, illegal_characters	str, str | None		str | None
Glib.usleep()	Pauses the current thread for the given number of microseconds.	function	microseconds	int		None
Glib.utf16_to_ucs4()	Convert a string from UTF-16 to UCS-4. The result will be nul-terminated.	function	str	list[int]	a pointer to a newly allocated UCS-4 string. This value must be freed with free(). If an error occurs, None will be returned and error set.	tuple[str, int, int]
Glib.utf16_to_utf8()	Convert a string from UTF-16 to UTF-8. The result will be terminated with a 0 byte.	function	str	list[int]	a pointer to a newly allocated UTF-8 string. This value must be freed with free(). If an error occurs, None will be returned and error set.	tuple[str, int, int]
Glib.utf8_casefold()	Converts a string into a form that is independent of case. The result will not correspond to any particular case, but can be compared for equality or ordered with the results of calling utf8_casefold() on other strings.	function	str, len	str, int	a newly allocated string, that is a case independent form of str.	str
Glib.utf8_collate()	Compares two strings for ordering using the linguistically correct rules for the [current locale][setlocale]. When sorting a large number of strings, it will be significantly faster to obtain collation keys with utf8_collate_key() and compare the keys with strcmp() when sorting instead of sorting the original strings.	function	str1, str2	str, str	< 0 if str1 compares before str2, 0 if they compare equal, > 0 if str1 compares after str2.	int
Glib.utf8_collate_key()	Converts a string into a collation key that can be compared with other collation keys produced by the same function using strcmp().	function	str, len	str, int	a newly allocated string. This string should be freed with free() when you are done with it.	str
Glib.utf8_collate_key_for_filename()	Converts a string into a collation key that can be compared with other collation keys produced by the same function using strcmp().	function	str, len	str, int	a newly allocated string. This string should be freed with free() when you are done with it.	str
Glib.utf8_find_next_char()	Finds the start of the next UTF-8 character in the string after p.	function	p, end	str, str | None	a pointer to the found character or None if end is set and is reached	str | None
Glib.utf8_find_prev_char()	Given a position p with a UTF-8 encoded string str, find the start of the previous UTF-8 character starting before p. Returns None if no UTF-8 characters are present in str before p.	function	str, p	str, str	a pointer to the found character or None.	str | None
Glib.utf8_get_char()	Converts a sequence of bytes encoded as UTF-8 to a Unicode character.	function	p	str	the resulting character	str
Glib.utf8_get_char_validated()	Convert a sequence of bytes encoded as UTF-8 to a Unicode character. This function checks for incomplete characters, for invalid characters such as characters that are out of the range of Unicode, and for overlong encodings of valid characters.	function	p, max_len	str, int	the resulting character. If p points to a partial sequence at the end of a string that could begin a valid character (or if max_len is zero), returns (gunichar)-2; otherwise, if p does not point to a valid UTF-8 encoded Unicode character, returns (gunichar)-1.	str
Glib.utf8_make_valid()	If the provided string is valid UTF-8, return a copy of it. If not, return a copy in which bytes that could not be interpreted as valid Unicode are replaced with the Unicode replacement character (U+FFFD).	function	str, len	str, int	a valid UTF-8 string whose content resembles str	str
Glib.utf8_normalize()	Converts a string into canonical form, standardizing such issues as whether a character with an accent is represented as a base character and combining accent or as a single precomposed character. The string has to be valid UTF-8, otherwise None is returned. You should generally call utf8_normalize() before comparing two Unicode strings.	function	str, len, mode	str, int, NormalizeMode	a newly allocated string, that is the normalized form of str, or None if str is not valid UTF-8.	str | None
Glib.utf8_offset_to_pointer()	Converts from an integer character offset to a pointer to a position within the string.	function	str, offset	str, int	the resulting pointer	str
Glib.utf8_pointer_to_offset()	Converts from a pointer to position within a string to an integer character offset.	function	str, pos	str, str	the resulting character offset	int
Glib.utf8_prev_char()	Finds the previous UTF-8 character in the string before p.	function	p	str	a pointer to the found character	str
Glib.utf8_strchr()	Finds the leftmost occurrence of the given Unicode character in a UTF-8 encoded string, while limiting the search to len bytes. If len is -1, allow unbounded search.	function	p, len, c	str, int, str	None if the string does not contain the character, otherwise, a pointer to the start of the leftmost occurrence of the character in the string.	str | None
Glib.utf8_strdown()	Converts all Unicode characters in the string that have a case to lowercase. The exact manner that this is done depends on the current locale, and may result in the number of characters in the string changing.	function	str, len	str, int	a newly allocated string, with all characters converted to lowercase.	str
Glib.utf8_strlen()	Computes the length of the string in characters, not including the terminating nul character. If the max'th byte falls in the middle of a character, the last (partial) character is not counted.	function	p, max	str, int	the length of the string in characters	int
Glib.utf8_strncpy()	Like the standard C strncpy() function, but copies a given number of characters instead of a given number of bytes. The src string must be valid UTF-8 encoded text. (Use utf8_validate() on all text before trying to use UTF-8 utility functions with it.)	function	dest, src, n	str, str, int	dest	str
Glib.utf8_strrchr()	Find the rightmost occurrence of the given Unicode character in a UTF-8 encoded string, while limiting the search to len bytes. If len is -1, allow unbounded search.	function	p, len, c	str, int, str	None if the string does not contain the character, otherwise, a pointer to the start of the rightmost occurrence of the character in the string.	str | None
Glib.utf8_strreverse()	Reverses a UTF-8 string. str must be valid UTF-8 encoded text. (Use utf8_validate() on all text before trying to use UTF-8 utility functions with it.)	function	str, len	str, int	a newly-allocated string which is the reverse of str	str
Glib.utf8_strup()	Converts all Unicode characters in the string that have a case to uppercase. The exact manner that this is done depends on the current locale, and may result in the number of characters in the string increasing. (For instance, the German ess-zet will be changed to SS.)	function	str, len	str, int	a newly allocated string, with all characters converted to uppercase.	str
Glib.utf8_substring()	Copies a substring out of a UTF-8 encoded string. The substring will contain end_pos - start_pos characters.	function	str, start_pos, end_pos	str, int, int	a newly allocated copy of the requested substring. Free with free() when no longer needed.	str
Glib.utf8_to_ucs4()	Convert a string from UTF-8 to a 32-bit fixed width representation as UCS-4. A trailing 0 character will be added to the string after the converted text.	function	str, len	str, int	a pointer to a newly allocated UCS-4 string. This value must be freed with free(). If an error occurs, None will be returned and error set.	tuple[str, int, int]
Glib.utf8_to_ucs4_fast()	Convert a string from UTF-8 to a 32-bit fixed width representation as UCS-4, assuming valid UTF-8 input. This function is roughly twice as fast as utf8_to_ucs4() but does no error checking on the input. A trailing 0 character will be added to the string after the converted text.	function	str, len	str, int	a pointer to a newly allocated UCS-4 string. This value must be freed with free().	tuple[str, int]
Glib.utf8_to_utf16()	Convert a string from UTF-8 to UTF-16. A 0 character will be added to the result after the converted text.	function	str, len	str, int	a pointer to a newly allocated UTF-16 string. This value must be freed with free(). If an error occurs, None will be returned and error set.	tuple[int, int, int]
Glib.utf8_truncate_middle()	Cuts off the middle of the string, preserving half of truncate_length characters at the beginning and half at the end.	function	string, truncate_length	str, int	a newly-allocated copy of string ellipsized in the middle	str
Glib.utf8_validate()	Validates UTF-8 encoded text. str is the text to validate; if str is nul-terminated, then max_len can be -1, otherwise max_len should be the number of bytes to validate. If end is non-None, then the end of the valid range will be stored there (i.e. the start of the first invalid character if some bytes were invalid, or the end of the text being validated otherwise).	function	str	list[int]	True if the text was valid UTF-8	tuple[bool, str]
Glib.utf8_validate_len()	Validates UTF-8 encoded text.	function	str	list[int]	True if the text was valid UTF-8	tuple[bool, str]
Glib.utime()	A wrapper for the POSIX utime() function. The utime() function sets the access and modification timestamps of a file.	function	filename, utb	str, Any	0 if the operation was successful, -1 if an error occurred	int
Glib.uuid_string_is_valid()	Parses the string str and verify if it is a UUID.	function	str	str	True if str is a valid UUID, False otherwise.	bool
Glib.uuid_string_random()	Generates a random UUID (RFC 4122 version 4) as a string. It has the same randomness guarantees as Rand, so must not be used for cryptographic purposes such as key generation, nonces, salts or one-time pads.	function	None		A string that should be freed with free().	str
Glib.variant_get_gtype()		function	None			GType
Glib.variant_is_object_path()	string	function	string	str		bool
Glib.variant_is_signature()	string	function	string	str		bool
Glib.variant_parse()	type	function	type, text, limit, endptr	VariantType | None, str, str | None, str | None		Variant
Glib.variant_parse_error_print_context()	error	function	error, source_str	GError, str		str
Glib.variant_parse_error_quark()		function	None			int
Glib.variant_parser_get_error_quark()		function	None			int
Glib.variant_type_checked_()	type_string	function	type_string	str		VariantType
Glib.variant_type_string_get_depth_()	type_string	function	type_string	str		int
Glib.variant_type_string_is_valid()	type_string	function	type_string	str		bool
Glib.variant_type_string_scan()	string	function	string, limit	str, str | None		tuple[bool, str]
